timestamp,x,y,z
1747396336136396,0.0424496,0.000179194,0.0059863
1747396336136638,0.0427022,0.000173825,0.00557616
1747396336141518,0.0425702,0.00018217,0.00585038
1747396336143116,0.041365,0.000438119,0.00788899
1747396336143192,0.0408278,0.000505519,0.00880166
1747396336143367,0.0423506,0.000353796,0.00623741
1747396336143402,0.0418578,0.000394207,0.00705805
1747396336143646,0.0431025,0.000294131,0.00500569
1747396336143771,0.0433596,0.000273216,0.00459014
1747396336143857,0.0429951,0.000339344,0.00517254
1747396336143880,0.0410974,0.00047082,0.00834223
1747396336144063,0.0428432,0.000316833,0.00542723
1747396336144070,0.0413243,0.000456008,0.00795365
1747396336144124,0.0416305,0.000407379,0.00744191
1747396336144237,0.0427565,0.000353571,0.00556226
1747396336144239,0.042727,0.000366212,0.00560838
1747396336144249,0.0424242,0.000408974,0.00610101
1747396336144347,0.0425817,0.000341359,0.00585481
1747396336144489,0.041365,0.000438119,0.00788899
1747396336144979,0.0418578,0.000394207,0.00705805
1747396336145086,0.0421213,0.000366198,0.00661946
1747396336145115,0.0427416,0.00038393,0.0056555
1747396336145120,0.0436994,0.00030773,0.00408975
1747396336145167,0.0421899,0.000545974,0.00654592
1747396336145252,0.0429947,0.000357703,0.00523896
1747396336145257,0.0424864,0.000412,0.00607794
1747396336145363,0.0434717,0.000320523,0.00445918
1747396336145797,0.0420399,0.00044221,0.0068292
1747396336145880,0.0432207,0.000344149,0.00486743
1747396336145952,0.0421549,0.000562071,0.00660118
1747396336146145,0.0434011,0.000351116,0.0045694
1747396336146167,0.0432458,0.000333286,0.00482825
1747396336146214,0.042548,0.000384708,0.00598067
1747396336146250,0.0422245,0.000530132,0.00649134
1747396336146255,0.0406422,0.000663237,0.00920419
1747396336146257,0.0420051,0.000457893,0.0068846
1747396336146276,0.0437207,0.000298662,0.00405673
1747396336146386,0.0436779,0.000316942,0.00412317
1747396336146392,0.0412628,0.000542785,0.0081464
1747396336146420,0.0431697,0.000366392,0.0049472
1747396336146658,0.0411369,0.000601021,0.00834839
1747396336146658,0.0428778,0.00047792,0.00535562
1747396336146678,0.0424233,0.000440157,0.00617756
1747396336147021,0.0427214,0.000460198,0.00561792
1747396336147031,0.0406888,0.000641355,0.009129
1747396336147232,0.0427512,0.000446888,0.00557142
1747396336148025,0.0422821,0.000571123,0.00632417
1747396336149823,0.0431621,0.000190421,0.00489466
1747396336150279,0.0428335,0.000230136,0.00542204
1747396336150636,0.0421337,0.000241314,0.00657552
1747396336151148,0.0429193,0.000196359,0.00528878
1747396336151224,0.0424072,0.000220877,0.00612576
1747396336151408,0.043188,0.000180333,0.00485446
1747396336151412,0.0426482,0.00021417,0.00572946
1747396336154457,0.042186,0.000201874,0.00643864
1747396336154763,0.0416041,0.000257596,0.00739498
1747396336155184,0.0418425,0.000250134,0.00699746
1747396336155281,0.0421177,0.000228832,0.0065451
1747396336155405,0.0423906,0.000209372,0.00609912
1747396336155433,0.0429016,0.000186601,0.00526913
1747396336155522,0.0418792,0.000235495,0.00694008
1747396336155643,0.0425697,0.000227568,0.00580121
1747396336155707,0.0421521,0.000215244,0.00649155
1747396336155984,0.042631,0.000203474,0.00570615
1747396336156134,0.0425384,0.000239912,0.00584963
1747396336157585,0.0417354,0.00020023,0.00710542
1747396336157591,0.0424412,0.00019677,0.00594853
1747396336157657,0.0424732,0.000184503,0.00589918
1747396336157878,0.0425362,0.000160565,0.0058023
1747396336158771,0.0422253,0.000189772,0.00630185
1747396336158835,0.0422922,0.000164203,0.00619853
1747396336158973,0.0414935,0.000205419,0.00750624
1747396336159448,0.0420502,0.000167819,0.00659421
1747396336161170,0.0425506,1.28624e-05,0.00580837
1747396336161405,0.0423343,0.000294481,0.00626222
1747396336161479,0.0411229,0.000376977,0.00830083
1747396336161496,0.0416138,0.000338727,0.0074676
1747396336161546,0.0428273,0.000263785,0.00545142
1747396336164574,0.04283,0.00011244,0.00542645
1747396336164629,0.0423581,0.000174629,0.00620181
1747396336164757,0.042117,0.000179028,0.00660101
1747396336164905,0.0430499,0.000121136,0.00506734
1747396336165287,0.0425702,0.00018217,0.00585038
1747396336165320,0.0421516,0.000165642,0.00654687
1747396336165434,0.0430661,0.000171604,0.0050428
1747396336165855,0.0431461,0.000141156,0.00491884
1747396336165875,0.0423907,0.000162051,0.00615086
1747396336165994,0.041862,0.000299695,0.00699199
1747396336166202,0.0426092,0.000249184,0.00576072
1747396336166236,0.0415989,0.000324124,0.00742966
1747396336166287,0.0422854,0.000295923,0.00628503
1747396336166412,0.0406193,0.000400345,0.00909206
1747396336166519,0.0420891,0.000291106,0.00661341
1747396336166533,0.041293,0.000367619,0.00793756
1747396336166681,0.0428382,0.000242099,0.00538643
1747396336166703,0.0413739,0.000333457,0.00780994
1747396336166740,0.04281,0.000253536,0.00543013
1747396336166791,0.0408419,0.000389477,0.008708
1747396336166792,0.0413337,0.000350403,0.00787337
1747396336166812,0.0408861,0.000370599,0.00863778
1747396336166875,0.041949,0.000349488,0.00683241
1747396336166908,0.0416767,0.000377449,0.00728267
1747396336167009,0.0418258,0.000314757,0.00704873
1747396336167032,0.0421566,0.000263272,0.0065078
1747396336167159,0.0403017,0.000453218,0.00963047
1747396336167253,0.0425792,0.000261412,0.00580736
1747396336167367,0.0414424,0.000390184,0.00767584
1747396336167472,0.0431621,0.000190421,0.00489466
1747396336167546,0.0413396,0.000329843,0.0079281
1747396336167583,0.0426176,0.000226262,0.00577709
1747396336168118,0.041696,0.00024083,0.00731117
1747396336168120,0.042471,0.000195645,0.00602596
1747396336168127,0.0415025,0.000231438,0.00764228
1747396336168402,0.042054,0.000255275,0.00672397
1747396336168734,0.0422522,0.000261494,0.00639034
1747396336168763,0.0428114,0.00021036,0.00547563
1747396336169094,0.0430446,0.000204632,0.00509455
1747396336169097,0.0408467,0.000367558,0.0087701
1747396336169116,0.0415585,0.000285583,0.00755442
1747396336169246,0.0410631,0.00031929,0.00839515
1747396336169481,0.0419587,0.000187599,0.0068729
1747396336169492,0.0431801,0.000155881,0.00486649
1747396336169505,0.0419227,0.000201758,0.00692946
1747396336169534,0.04264,0.000186351,0.00574188
1747396336169575,0.0424629,0.000166621,0.00603838
1747396336169607,0.0421599,0.000196648,0.00653418
1747396336169714,0.0429668,0.000148904,0.00521472
1747396336169797,0.0426094,0.000198282,0.00578957
1747396336169804,0.0416875,0.000206842,0.00732411
1747396336170073,0.042883,0.000181165,0.00534493
1747396336170267,0.0427001,0.000163063,0.00564824
1747396336170314,0.0432058,0.000146087,0.00482672
1747396336170432,0.0424311,0.000178966,0.00608804
1747396336170584,0.0421939,0.000183294,0.00648076
1747396336172845,0.0422583,7.94593e-05,0.00635662
1747396336173049,0.0425057,7.97262e-05,0.00594978
1747396336173756,0.0427845,6.9268e-05,0.00549649
1747396336174306,0.0429784,9.02938e-05,0.0051776
1747396336174459,0.0430338,7.02866e-05,0.0050919
1747396336178402,0.0426237,0.000130425,0.00576672
1747396336178481,0.0421433,0.000134536,0.00655955
1747396336178734,0.0423499,0.000144895,0.00621443
1747396336179123,0.0428951,0.000117704,0.00532545
1747396336179291,0.042654,0.000119006,0.00571949
1747396336179554,0.0419527,4.78574e-05,0.00680002
1747396336179724,0.0418695,0.000150554,0.00701249
1747396336179744,0.0421774,0.000121551,0.006506
1747396336179811,0.0422335,3.7569e-05,0.00634106
1747396336179942,0.0423168,0.000157504,0.00626607
1747396336182309,0.0425989,5.82869e-05,0.00573428
1747396336182818,0.0423823,0.000208905,0.00618623
1747396336182852,0.0421567,3.11973e-05,0.00646004
1747396336182857,0.0424401,2.24637e-05,0.00599963
1747396336182941,0.0418968,0.000233015,0.00699488
1747396336182982,0.0408825,0.000309382,0.00871243
1747396336183060,0.0424873,0.000253403,0.00600112
1747396336183233,0.0419478,0.000298808,0.00689104
1747396336183254,0.041148,0.000283956,0.00825999
1747396336183285,0.0426607,3.65027e-05,0.00563891
1747396336183340,0.0413715,0.000276832,0.007877
1747396336183343,0.042691,2.58824e-05,0.00559212
1747396336183387,0.0420885,0.000241222,0.00666961
1747396336183443,0.0416352,0.000254022,0.00743292
1747396336183465,0.0426101,0.000204008,0.0058091
1747396336183485,0.0427827,0.000221815,0.00552033
1747396336183549,0.0418609,0.000247636,0.00705157
1747396336183585,0.0406785,0.000398737,0.0090701
1747396336183673,0.0425186,0.000240756,0.00595224
1747396336184305,0.0419133,0.000298284,0.00696968
1747396336184340,0.0416895,0.00030683,0.00734781
1747396336184506,0.0413884,0.000348872,0.00785105
1747396336184810,0.0405066,0.000389073,0.00937751
1747396336184939,0.0419503,0.000155246,0.00688565
1747396336185146,0.0418444,0.000181583,0.00707692
1747396336185328,0.0427955,0.000156558,0.00549986
1747396336185355,0.0415416,0.000215707,0.00758028
1747396336185425,0.0419311,0.000234208,0.00691665
1747396336185580,0.0416186,0.000184993,0.00745851
1747396336185764,0.0412732,0.000237187,0.00803232
1747396336186036,0.0430289,0.000153806,0.00511852
1747396336186102,0.0430019,0.000164188,0.00516031
1747396336186151,0.043264,0.000151032,0.00473675
1747396336190224,0.040724,0.000379081,0.00899706
1747396336190341,0.0405066,0.000389073,0.00937751
1747396336190510,0.0419697,0.000112097,0.00677421
1747396336190610,0.040769,0.000359732,0.00892489
1747396336190633,0.0419837,0.00026896,0.00685856
1747396336190755,0.0422502,9.82742e-05,0.00631565
1747396336190918,0.0422837,8.59708e-05,0.00626368
1747396336190949,0.041266,0.000401192,0.00804544
1747396336191039,0.0420759,7.28333e-05,0.00660858
1747396336191308,0.0415064,0.000298973,0.00766355
1747396336194911,0.0429621,3.84855e-05,0.00520241
1747396336194938,0.0427386,2.52683e-05,0.00556736
1747396336195096,0.04299,2.86884e-05,0.00515918
1747396336195128,0.0427682,1.48726e-05,0.00552135
1747396336195586,0.0429338,4.8449e-05,0.0052462
1747396336195987,0.0430176,1.90546e-05,0.00511647
1747396336196379,0.0424891,2.18348e-05,0.00597504
1747396336202539,0.0393002,-0.000181057,0.010379
1747396336202695,0.038543,-0.000208699,0.0116223
1747396336202699,0.0391829,-0.000143698,0.0105548
1747396336203368,0.0424219,0.000225658,0.00612448
1747396336203407,0.0405446,0.00032726,0.00931577
1747396336203620,0.0423904,0.00023846,0.00617394
1747396336204024,0.0414198,0.000296227,0.0078007
1747396336204095,0.0414981,0.000263657,0.00767632
1747396336204363,0.0419755,0.000236759,0.00687104
1747396336204568,0.040805,0.000300756,0.00886678
1747396336204734,0.0424839,0.000200655,0.00602732
1747396336204896,0.0422307,0.000217855,0.00644628
1747396336205228,0.0423994,-4.3895e-05,0.00611382
1747396336208718,0.0409789,0.000495051,0.00832859
1747396336208734,0.0416318,0.000381069,0.00725873
1747396336208862,0.0402349,0.000656347,0.00955528
1747396336209154,0.043204,0.000208477,0.00480337
1747396336209248,0.0405816,0.000461303,0.00915268
1747396336209342,0.0420783,0.000245581,0.00665311
1747396336209345,0.0420446,0.000259471,0.0067059
1747396336209461,0.0400742,0.000433251,0.0100624
1747396336209619,0.038803,0.000808465,0.0120461
1747396336209648,0.041576,0.000287281,0.00749133
1747396336209780,0.04043,0.000360732,0.00945793
1747396336209851,0.0429015,0.000245842,0.00528868
1747396336209870,0.0413615,0.000294087,0.00785641
1747396336209887,0.0396007,0.00047802,0.0108976
1747396336209939,0.0411077,0.000318278,0.00828613
1747396336210024,0.0399147,0.000421196,0.0103541
1747396336210096,0.0426761,0.000252817,0.00565708
1747396336210158,0.0429821,0.000213208,0.00516379
1747396336210239,0.0411489,0.000300864,0.00822082
1747396336210408,0.0419761,0.00028791,0.00681335
1747396336210446,0.0416134,0.00027165,0.00743233
1747396336210532,0.0393364,0.000514226,0.011364
1747396336210572,0.0408954,0.00032579,0.00865264
1747396336210905,0.041746,0.000109704,0.00723107
1747396336211065,0.0401732,0.000390029,0.00990313
1747396336211168,0.0429508,9.69521e-05,0.00523895
1747396336211297,0.0408653,0.000230475,0.00873902
1747396336221091,0.040796,-0.000183932,0.00832342
1747396336226951,0.0422526,0.000126764,0.00638834
1747396336227144,0.0425782,9.07247e-05,0.00585784
1747396336227355,0.0408921,0.000133814,0.00869516
1747396336227389,0.0420558,0.000114687,0.00671982
1747396336227435,0.042808,9.17037e-05,0.00547971
1747396336227562,0.0423501,8.97296e-05,0.00623546
1747396336227582,0.041114,0.000132689,0.00831243
1747396336227769,0.0413779,0.00011598,0.0078653
1747396336228024,0.0425479,0.000102136,0.00590521
1747396336228112,0.0413378,0.000131544,0.00792895
1747396336228361,0.0421321,0.000120128,0.00660012
1747396336228587,0.0420639,0.000146467,0.00670726
1747396336229504,0.0430739,0.000108258,0.00504831
1747396336229585,0.0421655,0.000107272,0.0065475
1747396336230702,0.0378843,0.000307798,0.0129196
1747396336230710,0.0391066,8.62544e-05,0.0109253
1747396336230788,0.0368047,0.000248591,0.0148723
1747396336230837,0.0397404,0.000356838,0.00976623
1747396336230853,0.0363641,0.000346538,0.0156164
1747396336230859,0.0390499,0.000107544,0.0110121
1747396336230861,0.0364435,0.000314426,0.0154911
1747396336230887,0.0395442,8.83334e-05,0.01019
1747396336230924,0.0389345,0.000151151,0.0111889
1747396336230946,0.0385567,0.000129901,0.0118427
1747396336230947,0.0372943,0.000213886,0.0140105
1747396336231530,0.0362838,0.000379164,0.0157432
1747396336231590,0.0398896,0.000127497,0.00960302
1747396336237565,0.041133,6.3541e-05,0.00821478
1747396336237618,0.0417307,9.64968e-05,0.00719539
1747396336238199,0.0420316,7.06782e-05,0.00670089
1747396336238274,0.0406045,9.48056e-05,0.00911236
1747396336238479,0.0420658,5.79383e-05,0.00664734
1747396336238492,0.0412743,9.58712e-05,0.00796434
1747396336238775,0.0389802,0.000538908,0.0119322
1747396336238783,0.0408258,9.51776e-05,0.00873045
1747396336238890,0.038891,0.000659997,0.0120362
1747396336238941,0.0410913,7.94082e-05,0.00828088
1747396336239125,0.0415229,0.000497513,0.00746341
1747396336239140,0.0418039,0.000462528,0.00700181
1747396336239561,0.0405626,0.00032501,0.00917224
1747396336239650,0.0408108,0.000300044,0.00874719
1747396336239738,0.0399698,0.000501879,0.0101511
1747396336239895,0.0393517,0.000452176,0.0112902
1747396336239925,0.0390383,0.000512738,0.0118378
1747396336240009,0.0398138,0.000571395,0.0104004
1747396336240042,0.0416064,0.000291749,0.00738261
1747396336240069,0.0397605,0.000595302,0.0104856
1747396336240092,0.0436916,0.000208468,0.00419716
1747396336240392,0.0404815,0.000449491,0.00971652
1747396336240427,0.042827,0.000238189,0.00563999
1747396336240444,0.0443204,0.000201165,0.00316955
1747396336240468,0.0409323,0.000407874,0.00890984
1747396336240540,0.0414619,0.000335014,0.00798529
1747396336240645,0.0424702,0.000307831,0.00623183
1747396336240659,0.0397066,0.000619587,0.0105718
1747396336240722,0.0432697,0.00021758,0.00489744
1747396336240729,0.0438461,0.000228177,0.00393921
1747396336240853,0.0425009,0.000294541,0.0061826
1747396336240867,0.0410173,0.000369655,0.00877042
1747396336241117,0.0441022,0.000206519,0.00352344
1747396336241153,0.0412193,0.000360924,0.00840973
1747396336241207,0.040339,0.000514927,0.00995163
1747396336241215,0.0440842,0.000213882,0.00355163
1747396336241284,0.0407734,0.000398087,0.00920241
1747396336243212,0.0425365,0.000147696,0.00594443
1747396336243277,0.0427272,0.000157659,0.00562605
1747396336243352,0.0411382,0.000203602,0.00830363
1747396336243518,0.0420021,0.000190518,0.00682882
1747396336243549,0.0411896,0.000266706,0.00819362
1747396336243741,0.0396928,0.000310126,0.0108315
1747396336243757,0.0413514,0.000200366,0.00793591
1747396336243811,0.0410126,0.00025524,0.00850438
1747396336244103,0.0433765,0.000160965,0.00456297
1747396336244165,0.0399517,0.000282371,0.0103743
1747396336244189,0.0409264,0.000291048,0.00864224
1747396336244266,0.0414677,0.000153277,0.00775047
1747396336244332,0.0406731,0.000228436,0.00910869
1747396336244558,0.0402088,0.000256455,0.00992276
1747396336244908,0.040927,0.000206814,0.00867065
1747396336250343,0.0378139,-8.34011e-05,0.0131619
1747396336250425,0.039053,-9.97276e-05,0.0110504
1747396336250516,0.0389357,-5.8784e-05,0.0112304
1747396336251536,0.0380337,-7.84713e-05,0.0127779
1747396336251644,0.0398732,-3.91712e-05,0.00966645
1747396336269976,0.0387304,-0.000300101,0.0114212
1747396336271138,0.0418573,0.000306818,0.00750612
1747396336271224,0.0414228,0.000338784,0.00828422
1747396336271399,0.0429864,0.000223254,0.00553552
1747396336271469,0.0410605,0.00042262,0.00891969
1747396336277606,0.0394054,-0.000321213,0.0103717
1747396336278215,0.0399165,-0.000292885,0.00953601
1747396336278414,0.0393479,-0.000303734,0.0104589
1747396336278446,0.0398092,-0.000260463,0.00969766
1747396336289121,0.038309,-0.000323333,0.0118889
1747396336299514,0.0393002,-0.000181057,0.010379
1747396336302805,0.0381976,-0.000184255,0.0121349
1747396336302894,0.0386798,-7.88825e-05,0.0112988
1747396336303089,0.0384382,-0.000176088,0.011734
1747396336303512,0.0372586,-0.000216859,0.0137265
1747396336304028,0.0373522,-0.000123158,0.0135844
1747396336304820,0.0367,-1.37621e-05,0.0147237
1747396336305028,0.0389736,-0.000249506,0.0109811
1747396336305082,0.0387206,0.000119985,0.0112397
1747396336305173,0.0374593,4.79641e-05,0.0133792
1747396336305230,0.0379692,-4.79285e-05,0.0125615
1747396336305383,0.0393283,-3.81556e-06,0.0102967
1747396336305546,0.0372924,-6.04381e-05,0.0137207
1747396336305570,0.038845,7.61718e-05,0.0110532
1747396336305695,0.0383282,-8.85358e-05,0.0119773
1747396336305834,0.0389146,-0.000268895,0.0111059
1747396336305841,0.0393578,-0.000227901,0.0103681
1747396336305960,0.0389061,5.48068e-05,0.0109617
1747396336306065,0.0370716,-6.4617e-05,0.0141046
1747396336306115,0.0364805,-1.65029e-05,0.0151109
1747396336307760,0.0385732,-0.000197376,0.0116142
1747396336308870,0.0429537,-0.000167501,0.00524177
1747396336309741,0.0425744,-7.30778e-05,0.00582103
1747396336310635,0.0391936,-8.59283e-05,0.0105732
1747396336310699,0.0377176,-0.000199047,0.0130768
1747396336313584,0.0387854,0.000559783,0.0112192
1747396336313681,0.0375509,0.000350875,0.0134604
1747396336313693,0.0390216,0.000545608,0.0108287
1747396336313720,0.0391939,0.000392219,0.0106033
1747396336313754,0.037863,0.000615902,0.0127706
1747396336313766,0.036048,0.000760899,0.0159429
1747396336313787,0.0387406,0.000254316,0.0114311
1747396336313794,0.036573,0.000610039,0.0150729
1747396336313810,0.0371333,0.000525902,0.0141078
1747396336314246,0.0383576,0.000330528,0.0120541
1747396336314413,0.0276213,0.00134803,0.0389888
1747396336314426,0.0357559,0.000968228,0.0163468
1747396336314587,0.0393045,0.000347612,0.0104365
1747396336314955,0.0395126,0.000235974,0.0100653
1747396336315475,0.0387761,0.000163576,0.0113109
1747396336315502,0.0357967,0.000871679,0.0163358
1747396336315574,0.0360336,0.000447651,0.016023
1747396336315756,0.0381845,8.29459e-05,0.0124052
1747396336315810,0.0392241,0.000356147,0.0105317
1747396336315837,0.0395877,0.000304084,0.00995378
1747396336316023,0.0390397,8.72278e-05,0.0109469
1747396336316100,0.039476,0.000346818,0.0101211
1747396336316140,0.0372126,0.000297065,0.0139913
1747396336316388,0.0359073,3.68324e-05,0.0165424
1747396336316430,0.0378037,-0.000142803,0.0130392
1747396336316738,0.0367987,0.000220021,0.0147748
1747396336316784,0.0393338,-4.82646e-05,0.0104737
1747396336316894,0.0360278,0.000993177,0.0161526
1747396336316969,0.0396819,9.42958e-05,0.0098515
1747396336317004,0.0357077,0.00083189,0.0168781
1747396336317038,0.0391568,-7.31259e-05,0.0107763
1747396336317065,0.0355367,0.000909862,0.0171515
1747396336317108,0.0371596,0.00033989,0.0144604
1747396336317154,0.0358239,0.000631368,0.016803
1747396336317187,0.0377381,-8.25953e-05,0.0131839
1747396336317234,0.0354497,0.000949763,0.0172906
1747396336317265,0.0388667,-5.80524e-05,0.0112534
1747396336317317,0.0365015,0.00134992,0.0150594
1747396336317363,0.0363224,0.000482778,0.0159478
1747396336317391,0.0387634,0.000594109,0.0114545
1747396336317396,0.0372303,-6.63767e-05,0.0140608
1747396336317424,0.0374579,0.0011703,0.0134523
1747396336317428,0.035726,0.00105305,0.0166834
1747396336317626,0.0359288,0.000657692,0.0165793
1747396336317675,0.0355117,0.00107405,0.0170787
1747396336317679,0.0393242,-9.50239e-05,0.0104878
1747396336317751,0.0357916,0.000793796,0.0167438
1747396336317823,0.036505,0.00117916,0.0151512
1747396336317863,0.0382834,0.000554292,0.0123072
1747396336317865,0.0359825,0.000935788,0.0162772
1747396336317922,0.0362304,0.000671569,0.0159893
1747396336318024,0.0367627,0.0004371,0.0151408
1747396336318139,0.0367506,0.00115035,0.014722
1747396336318168,0.0375891,-9.10666e-05,0.0134142
1747396336318178,0.0379042,0.00123353,0.0126478
1747396336318244,0.0396099,0.000311533,0.00996148
1747396336318316,0.0368422,0.000178948,0.0147639
1747396336318348,0.0363984,0.000449354,0.0158258
1747396336318412,0.0359849,0.00055939,0.016544
1747396336318456,0.0367265,0.000379291,0.0152489
1747396336318467,0.0374492,0.000441199,0.013863
1747396336318477,0.039272,0.000261658,0.0105357
1747396336318613,0.0369071,0.00037455,0.0149106
1747396336318617,0.0356526,0.000932568,0.0169103
1747396336318676,0.0378482,0.00116922,0.0127733
1747396336318690,0.0357649,0.000731466,0.0168422
1747396336318697,0.0366987,0.000615119,0.015143
1747396336318724,0.0360093,0.000621639,0.01645
1747396336318788,0.0364151,0.00130462,0.0152418
1747396336318915,0.0386946,5.05555e-05,0.011592
1747396336319232,0.0389735,3.1041e-05,0.011128
1747396336319305,0.0402365,8.03245e-05,0.00901985
1747396336319305,0.0403323,4.59976e-05,0.00887589
1747396336319334,0.0372742,9.31919e-05,0.0140405
1747396336319393,0.0387776,-4.43675e-06,0.0114268
1747396336319514,0.0392328,2.21349e-06,0.0106617
1747396336319785,0.039176,2.24826e-05,0.0107482
1747396336319813,0.0399319,1.21181e-05,0.00950686
1747396336320080,0.037035,5.35471e-05,0.0144132
1747396336320153,0.0383311,-1.11216e-05,0.0121878
1747396336320307,0.0384901,0.000407624,0.0118311
1747396336320379,0.0358327,0.000328134,0.0166177
1747396336320896,0.0389219,0.000411439,0.0111012
1747396336321073,0.039271,0.000190877,0.0106057
1747396336321097,0.0389345,0.000151151,0.0111889
1747396336321134,0.0397867,0.000165846,0.00975852
1747396336321140,0.0378528,0.000156474,0.013052
1747396336321291,0.0396853,0.000378138,0.00984896
1747396336321354,0.0366314,0.000398243,0.0150959
1747396336321667,0.0387354,0.000397559,0.0114203
1747396336322234,0.0403232,5.56882e-06,0.00888918
1747396336322685,0.0348535,0.000912785,0.0181028
1747396336322694,0.0352125,0.000751789,0.0175324
1747396336322762,0.0355192,0.000764929,0.016934
1747396336322810,0.03508,0.00119397,0.0174568
1747396336322855,0.0350437,0.00113181,0.0175702
1747396336322944,0.0373331,8.78746e-05,0.0139026
1747396336322993,0.0355208,0.000470182,0.0171548
1747396336323004,0.0402273,3.93832e-05,0.00903328
1747396336323056,0.0365751,0.00117703,0.0147356
1747396336323082,0.0377561,1.12103e-05,0.0132004
1747396336323092,0.0382211,0.000547067,0.0121851
1747396336323183,0.0355937,0.00120162,0.0164933
1747396336323235,0.0364445,0.00149964,0.0147938
1747396336323310,0.036373,0.000320522,0.0156368
1747396336323377,0.0352826,0.000647208,0.0174782
1747396336323419,0.0352693,0.000580554,0.0175571
1747396336323432,0.0367089,0.0013788,0.0143941
1747396336323456,0.0368091,0.000283422,0.0148486
1747396336323465,0.0356186,0.000499616,0.0169425
1747396336323465,0.0389655,0.000653826,0.0108785
1747396336323469,0.0350089,0.000696067,0.0179734
1747396336323477,0.0430851,0.000136241,0.00501318
1747396336323536,0.0427427,8.58471e-05,0.00558122
1747396336323785,0.0402079,2.12152e-05,0.0091006
1747396336323806,0.0350771,0.000962454,0.0176319
1747396336323839,0.0396211,0.000221774,0.00995901
1747396336323845,0.035054,0.000897234,0.0177261
1747396336323871,0.0377454,-5.8816e-05,0.0132687
1747396336323978,0.0361175,0.000356666,0.0160942
1747396336324169,0.0370629,0.00025151,0.014402
1747396336324245,0.0354095,0.00128536,0.0167786
1747396336324254,0.0357809,0.000429109,0.0166837
1747396336324301,0.0358607,0.000394645,0.0165566
1747396336324491,0.0424078,-1.42583e-05,0.00610105
1747396336324561,0.0353541,0.000543205,0.0174214
1747396336324582,0.034871,0.000979825,0.018016
1747396336324701,0.0385427,-9.06849e-05,0.0119098
1747396336325351,0.0428587,0.000101781,0.0053818
1747396336326388,0.0409187,3.80112e-05,0.00865188
1747396336326443,0.0392931,0.000367779,0.0103947
1747396336326443,0.0396276,-0.000116781,0.0101456
1747396336326533,0.0386544,0.000349186,0.0114596
1747396336326635,0.0371331,0.000182811,0.0141593
1747396336327062,0.0389259,-0.000138594,0.0113278
1747396336327134,0.0379814,0.000101363,0.0127174
1747396336327232,0.0397601,-7.3726e-05,0.00991102
1747396336327294,0.0370692,0.00012748,0.0143048
1747396336327310,0.0373879,0.000640696,0.0140167
1747396336327337,0.0363489,0.000249821,0.0155277
1747396336327344,0.0367128,0.000186237,0.0149084
1747396336327561,0.0396328,0.000239227,0.00988567
1747396336327660,0.0405171,-0.000301513,0.00884229
1747396336327661,0.0368164,0.000819339,0.0149679
1747396336327880,0.0408457,0.000376379,0.0081449
1747396336328019,0.038124,0.000473502,0.0127703
1747396336328024,0.0401553,0.000496094,0.00924496
1747396336328152,0.0371634,0.000819377,0.0143241
1747396336328154,0.041014,0.000307883,0.00789119
1747396336328211,0.0377955,0.000461828,0.013373
1747396336328246,0.0401375,0.000675082,0.00921266
1747396336328287,0.0374578,0.000609735,0.0139063
1747396336328363,0.0373171,0.000672135,0.0141284
1747396336328431,0.0362396,-0.000212602,0.0157457
1747396336328537,0.0399241,0.000509962,0.0096265
1747396336328545,0.0402923,0.000522711,0.00900821
1747396336328556,0.0400806,0.000281737,0.0094492
1747396336328733,0.0385072,0.00038679,0.0121293
1747396336328967,0.0409309,0.000341602,0.00801656
1747396336328970,0.039365,0.000338656,0.0106474
1747396336329078,0.0375816,0.000569837,0.0136652
1747396336329184,0.0423994,-4.3895e-05,0.00611382
1747396336329713,0.037448,0.000550228,0.0139211
1747396336329722,0.0372959,0.000774738,0.0140689
1747396336329934,0.0393477,0.000538647,0.0105707
1747396336330016,0.036957,0.000688677,0.0147445
1747396336330131,0.037072,-0.000184368,0.0142502
1747396336330309,0.0399149,0.000467179,0.00964013
1747396336330315,0.0380446,0.000370723,0.0129365
1747396336330500,0.0395949,0.000776058,0.0100622
1747396336330511,0.0426632,-0.000191965,0.00566242
1747396336330672,0.0427682,1.48726e-05,0.00552135
1747396336330734,0.0381095,-4.66795e-05,0.0126607
1747396336330940,0.0416665,-4.73907e-05,0.00735465
1747396336331627,0.0406464,1.14412e-05,0.00911722
1747396336332035,0.0392823,-0.000151423,0.0108232
1747396336332182,0.038767,-0.000146469,0.011697
1747396336332339,0.0370758,0.000154571,0.0143981
1747396336332518,0.041114,0.000132689,0.00831243
1747396336332576,0.0367762,0.000272202,0.0148681
1747396336332751,0.0394758,0.000321985,0.0101956
1747396336333396,0.0392164,-0.000210322,0.0110065
1747396336333700,0.0386459,0.000203046,0.01188
1747396336333847,0.0406006,0.000586954,0.00855239
1747396336333880,0.0398314,0.000574482,0.00984127
1747396336333881,0.0386162,0.000133387,0.0119653
1747396336333951,0.0376684,0.000267433,0.0135797
1747396336334055,0.0403404,6.06507e-05,0.00903789
1747396336334155,0.0393089,4.86384e-05,0.0106249
1747396336334592,0.0378052,0.000643786,0.0133684
1747396336334623,0.0372523,0.000734467,0.0143352
1747396336334696,0.0403441,0.000142138,0.00966911
1747396336334799,0.0377358,0.000596345,0.0135225
1747396336334933,0.0403528,0.000520775,0.00898479
1747396336335119,0.037323,0.000557321,0.0136802
1747396336335180,0.0355628,0.000747748,0.0167543
1747396336335300,0.037809,0.000259067,0.0134119
1747396336335368,0.0421271,0.000122495,0.00652943
1747396336335468,0.035985,0.000566525,0.0160918
1747396336335496,0.0358192,0.000637317,0.0163521
1747396336335576,0.0391247,0.000485954,0.010639
1747396336335653,0.0354752,0.00078573,0.0168916
1747396336335895,0.0356022,0.000808814,0.0166386
1747396336335923,0.035614,0.000648498,0.0167281
1747396336336001,0.0412296,4.71454e-05,0.00812778
1747396336336134,0.042634,0.00028193,0.00575215
1747396336336268,0.0411874,0.000224554,0.00822547
1747396336336311,0.0413071,0.00017538,0.00803415
1747396336336455,0.0374294,0.000540488,0.0140055
1747396336336456,0.0426422,0.000309619,0.00573969
1747396336336695,0.0376386,0.00045092,0.0136743
1747396336336973,0.0378404,0.000365425,0.0133547
1747396336337056,0.0396942,-0.000145155,0.0101958
1747396336337123,0.038372,0.000541105,0.0123094
1747396336337202,0.0366927,0.000783042,0.0152221
1747396336337483,0.040323,0.000487039,0.00899981
1747396336337549,0.0426424,1.4079e-05,0.0056869
1747396336337694,0.0421147,-0.000342437,0.00647702
1747396336337756,0.0409561,-8.13647e-05,0.00810833
1747396336337930,0.0398197,4.44377e-05,0.0098125
1747396336337956,0.0386174,7.69888e-05,0.0118355
1747396336338247,0.0430874,0.000332042,0.00501127
1747396336338249,0.0398665,0.000418804,0.0105137
1747396336338262,0.0429919,0.000197035,0.00519482
1747396336338325,0.040865,0.00023625,0.0088008
1747396336338391,0.0423017,0.000308081,0.00631343
1747396336338511,0.0401049,-0.000224887,0.00956939
1747396336339315,0.04306,0.000343552,0.00505379
1747396336339342,0.0392026,0.000555094,0.0105233
1747396336339369,0.039216,0.000634975,0.0104701
1747396336339838,0.03885,0.000789516,0.0110169
1747396336339891,0.0377252,0.000674299,0.0129808
1747396336339893,0.0387854,0.000559783,0.0112192
1747396336339983,0.0390803,0.000521394,0.0107405
1747396336340302,0.0384436,0.000374571,0.0118844
1747396336340391,0.0371603,0.000360847,0.014157
1747396336340562,0.0361678,0.000631914,0.0158066
1747396336340692,0.0359238,0.000738453,0.0161895
1747396336340701,0.0393062,0.000266276,0.0104671
1747396336340755,0.0390963,0.00027009,0.0108189
1747396336340829,0.0392601,0.000531377,0.0104371
1747396336340839,0.0381397,0.000263324,0.0124674
1747396336340902,0.0372591,0.00076528,0.0144302
1747396336340909,0.0392939,0.000341627,0.0109562
1747396336340980,0.0373948,0.000782061,0.0141662
1747396336341076,0.0378114,0.000594537,0.0135023
1747396336341243,0.0397699,0.000542669,0.0100433
1747396336341250,0.0394005,0.000296652,0.0107888
1747396336341330,0.0416725,0.000247637,0.00696484
1747396336341630,0.041132,-3.18736e-05,0.00787652
1747396336341637,0.0407253,-7.37067e-05,0.00855408
1747396336342555,0.0427974,4.64964e-06,0.0054759
1747396336342815,0.0423413,-1.6772e-05,0.00622626
1747396336342836,0.0426782,4.65909e-05,0.00566113
1747396336343161,0.0422416,1.8388e-05,0.00638215
1747396336343382,0.0425829,-1.1083e-05,0.0058289
1747396336343661,0.0361728,0.000664991,0.0159126
1747396336343665,0.0383477,0.000283751,0.0121967
1747396336343765,0.0396459,0.000567587,0.00986925
1747396336344086,0.0374989,0.000326122,0.0136838
1747396336344093,0.0385959,0.000927421,0.0114786
1747396336344169,0.036092,0.000700451,0.01604
1747396336344241,0.0378885,0.000317528,0.0129897
1747396336344277,0.0391476,0.000519544,0.0107173
1747396336344335,0.039363,0.000686164,0.0102932
1747396336344350,0.0415266,-0.000266889,0.00739943
1747396336344355,0.0394783,0.000637585,0.0101204
1747396336344591,0.0389391,0.00039649,0.0111928
1747396336344669,0.0373988,0.000250977,0.0139952
1747396336344724,0.0358844,0.000869488,0.0163145
1747396336344727,0.0396273,0.000432739,0.0100429
1747396336344788,0.0368311,0.000405134,0.0149402
1747396336344793,0.0374683,0.000222871,0.0138855
1747396336344803,0.0357575,0.00100483,0.0164607
1747396336344970,0.0369064,0.000373956,0.014821
1747396336345043,0.0417223,0.000106678,0.00729386
1747396336345118,0.0431278,0.000175954,0.0049475
1747396336345182,0.0409018,8.8334e-05,0.00870964
1747396336345207,0.0420646,0.000319134,0.00662856
1747396336345241,0.0428513,-1.08994e-05,0.00537323
1747396336345262,0.0394754,0.00029436,0.0111365
1747396336345425,0.0427071,0.000234742,0.00558891
1747396336345435,0.0420997,0.000304723,0.00657381
1747396336345612,0.0418961,0.000300282,0.00691445
1747396336345927,0.043,0.000205809,0.00511767
1747396336346069,0.0413366,0.000185504,0.00789452
1747396336346137,0.042589,-0.000140418,0.00579775
1747396336346394,0.0418391,0.000152069,0.00705092
1747396336346478,0.0418192,0.000179358,0.00714158
1747396336346714,0.0424873,0.000253403,0.00600112
1747396336347059,0.0421227,0.000227391,0.0066159
1747396336347133,0.0433287,0.000179619,0.0046371
1747396336347142,0.0432039,0.000228956,0.00483041
1747396336347224,0.0416834,2.14728e-05,0.00732885
1747396336347903,0.0468451,0.000588145,0.0475728
1747396336348085,0.0415552,9.53038e-05,0.00755764
1747396336348230,0.0430367,-1.60365e-05,0.00508653
1747396336348354,0.0418189,-4.86342e-05,0.00708989
1747396336348659,0.0421158,5.72126e-05,0.00662499
1747396336348948,0.0412664,0.000504559,0.00767632
1747396336348987,0.0403048,0.000204948,0.00973308
1747396336349058,0.0415182,0.000485638,0.00726717
1747396336349295,0.0402399,0.000148229,0.00987128
1747396336349584,0.0386449,0.000410179,0.0129469
1747396336349694,0.0394272,0.000291506,0.0115126
1747396336349823,0.0397916,9.98477e-05,0.0100052
1747396336349955,0.0404285,0.000515918,0.00907656
1747396336349987,0.0388892,0.000376724,0.0124932
1747396336350023,0.0387623,0.000492145,0.0120078
1747396336350072,0.0385233,0.000465711,0.013151
1747396336350114,0.0413537,0.000556018,0.00751798
1747396336350120,0.0432713,0.000299594,0.00477066
1747396336350211,0.0413497,0.000469161,0.00754897
1747396336350214,0.041311,0.000359201,0.00806748
1747396336350224,0.0404245,0.000250113,0.00968536
1747396336350280,0.0377504,0.000702566,0.013757
1747396336350291,0.0416371,0.000387986,0.00749313
1747396336350416,0.039132,0.000345106,0.0120448
1747396336350554,0.0415769,1.06821e-05,0.00752256
1747396336350565,0.039902,0.000239287,0.0106492
1747396336350578,0.039308,0.00033635,0.011101
1747396336350582,0.0400878,0.000316492,0.0102712
1747396336350610,0.042162,-0.000182186,0.00642754
1747396336350644,0.0389697,0.000323468,0.0117163
1747396336350684,0.0385388,0.000431347,0.0124468
1747396336350728,0.0392427,0.000295724,0.0118602
1747396336350730,0.0413113,0.000574338,0.00758269
1747396336350765,0.041558,0.000468741,0.00720641
1747396336350815,0.0406171,0.00043547,0.00878441
1747396336350819,0.0409101,-1.51178e-06,0.00866506
1747396336350857,0.0413905,0.000451882,0.00748647
1747396336350871,0.0381607,0.000598027,0.0130532
1747396336351544,0.040459,-2.78987e-05,0.00919666
1747396336352455,0.0413996,-1.34846e-05,0.00750263
1747396336352898,0.0413545,-8.86676e-05,0.0075967
1747396336352927,0.039709,-0.000144976,0.0103634
1747396336353218,0.0388232,0.000542382,0.0114463
1747396336353393,0.0408993,0.000178814,0.00874527
1747396336353393,0.0367431,0.000637784,0.0151321
1747396336353447,0.0364314,0.000775916,0.0156274
1747396336353711,0.0396984,0.000683296,0.00990523
1747396336354062,0.0365417,0.000649537,0.015503
1747396336354081,0.039754,0.000659549,0.00982111
1747396336354116,0.0405446,0.00032726,0.00931577
1747396336354280,0.0399697,0.00056831,0.00949501
1747396336354294,0.0429375,0.000201662,0.00521401
1747396336354310,0.0425852,0.000165136,0.00579709
1747396336354365,0.039666,0.000609538,0.00998606
1747396336354440,0.0397488,0.000489129,0.0098922
1747396336354544,0.0398017,0.000467174,0.00981176
1747396336354678,0.0413824,0.000148117,0.00788608
1747396336354703,0.0363207,0.000904227,0.0157515
1747396336354786,0.0393382,0.000492189,0.0105847
1747396336354925,0.0427193,0.000130101,0.005638
1747396336354991,0.0431663,0.000129114,0.00490518
1747396336355422,0.0423261,0.000131986,0.00627344
1747396336355541,0.0423899,0.000107544,0.00617346
1747396336355544,0.0377543,-0.00011147,0.0135397
1747396336356333,0.0406476,0.000104901,0.00914822
1747396336356389,0.0427587,0.000140518,0.00555685
1747396336356619,0.0431801,0.000155881,0.00486649
1747396336356780,0.0429952,9.34283e-05,0.00512407
1747396336357315,0.0402745,9.97378e-05,0.00970372
1747396336357393,0.0419701,0.000128943,0.00679731
1747396336357589,0.0400627,9.93227e-05,0.0100772
1747396336357595,0.0416245,8.74922e-05,0.007387
1747396336357607,0.0428855,0.000134362,0.00529348
1747396336357777,0.0396561,0.000399591,0.0110558
1747396336357796,0.0393595,0.000298838,0.0116662
1747396336357912,0.0405345,8.2118e-05,0.00925549
1747396336357998,0.0399104,0.000286289,0.010636
1747396336358100,0.0419187,-8.18272e-05,0.0068517
1747396336358193,0.0395412,0.000294683,0.0113237
1747396336358253,0.0426147,0.00014787,0.00573088
1747396336358308,0.0392514,0.000347392,0.0118465
1747396336358323,0.0387135,0.00043847,0.0128325
1747396336358552,0.0385934,0.000493888,0.013034
1747396336358586,0.0399595,0.000264643,0.0105548
1747396336358637,0.0386538,0.000465968,0.0129327
1747396336358660,0.0392433,0.000507647,0.0117779
1747396336358972,0.0432792,0.000323391,0.00475866
1747396336359340,0.0412314,-0.000120781,0.00800196
1747396336359401,0.0387806,0.000484679,0.0126755
1747396336359509,0.0388308,0.000384711,0.0126355
1747396336359605,0.0393057,0.000322931,0.0117558
1747396336359709,0.0390689,0.000352931,0.0121931
1747396336360294,0.0424804,4.01831e-05,0.00593753
1747396336360399,0.0423833,7.48823e-05,0.00608776
1747396336360638,0.0427879,2.21054e-05,0.00544284
1747396336360642,0.0395951,0.000270181,0.0110284
1747396336360875,0.0415225,1.15952e-06,0.00725607
1747396336361065,0.0400521,0.000240078,0.0102111
1747396336361563,0.0428114,0.00021036,0.00547563
1747396336362767,0.0423747,0.000233803,0.00617659
1747396336362844,0.0414814,-1.89787e-05,0.00752289
1747396336362876,0.0401424,0.000187885,0.0100291
1747396336362882,0.0420025,0.000205728,0.00680433
1747396336363111,0.0394932,0.000391905,0.0111087
1747396336363124,0.0401915,0.0001679,0.0099497
1747396336363218,0.0420722,0.00017815,0.00669471
1747396336363398,0.0404933,0.00012857,0.00942885
1747396336363555,0.0427082,0.000190565,0.00563594
1747396336363863,0.0425082,0.000378525,0.00589764
1747396336364125,0.042292,0.000380681,0.00625355
1747396336364149,0.042317,0.000205486,0.00621316
1747396336364247,0.0419846,0.000334543,0.00677666
1747396336364431,0.0404251,8.70386e-05,0.00946275
1747396336364447,0.0397069,0.000125054,0.0107223
1747396336364456,0.0399634,0.000104627,0.0102721
1747396336364733,0.041272,9.13579e-05,0.00799557
1747396336364813,0.0422191,0.000323445,0.00638844
1747396336367022,0.0393592,7.41923e-05,0.0114507
1747396336367030,0.0397015,4.96055e-05,0.0108145
1747396336367303,0.0386558,0.000155626,0.0127798
1747396336367791,0.0421489,5.04573e-05,0.00641834
1747396336368174,0.0391527,0.00010698,0.0118718
1747396336368712,0.0388287,4.64733e-05,0.012448
1747396336368774,0.0382985,0.000273527,0.0134678
1747396336368917,0.0404632,-5.33493e-05,0.0092621
1747396336368919,0.0416542,4.6756e-05,0.0072298
1747396336368993,0.0385372,0.000187126,0.0130225
1747396336369091,0.0391962,0.000279185,0.0117608
1747396336369138,0.0387155,0.000130576,0.0126805
1747396336369158,0.0385282,0.00013071,0.0130368
1747396336369272,0.0432965,0.000165421,0.00468664
1747396336369386,0.0422835,2.87339e-06,0.00621041
1747396336369505,0.0389998,0.000283642,0.0121255
1747396336369547,0.0391395,0.000303521,0.0118541
1747396336369685,0.0416925,3.30218e-05,0.00717032
1747396336370026,0.0383076,0.000331485,0.0134534
1747396336370237,0.0381231,0.000336448,0.0138098
1747396336370260,0.0408467,0.000367558,0.0087701
1747396336370589,0.0400175,5.79486e-05,0.0102652
1747396336370593,0.0383609,0.000246317,0.0133633
1747396336370633,0.0427878,0.000188224,0.00549249
1747396336370827,0.0389138,0.000184059,0.012309
1747396336371034,0.0384926,0.000249971,0.0131438
1747396336371475,0.0422841,0.000182333,0.00615913
1747396336372315,0.0382321,0.000601246,0.0136307
1747396336372365,0.0385971,0.000504323,0.0129725
1747396336372643,0.0392782,0.000493635,0.0116697
1747396336372643,0.0387865,0.000129463,0.0126615
1747396336372722,0.0390319,0.000105393,0.0122085
1747396336372754,0.0430649,0.000454425,0.00504721
1747396336372884,0.0384788,0.000484691,0.0132164
1747396336372896,0.0428018,0.000394399,0.00549229
1747396336372972,0.0401947,0.000108386,0.0100584
1747396336373050,0.0407503,1.63114e-05,0.00877915
1747396336373202,0.0383569,0.000542093,0.0134212
1747396336373260,0.0388001,0.000639101,0.0125022
1747396336373428,0.0409751,1.96418e-05,0.0083964
1747396336373497,0.0389455,0.000332556,0.012443
1747396336373589,0.0383548,0.000589988,0.0134822
1747396336373652,0.0385025,0.00079603,0.0131429
1747396336373835,0.0385649,0.000765576,0.0130385
1747396336373852,0.042025,7.36381e-05,0.00663234
1747396336374010,0.0390067,0.000651044,0.0122133
1747396336374072,0.0419772,0.000520648,0.00690475
1747396336374100,0.038782,0.000531143,0.0125308
1747396336374127,0.0423504,0.00013449,0.00608735
1747396336374292,0.0421284,3.6124e-05,0.00647211
1747396336374365,0.0385361,0.000626273,0.0129836
1747396336374403,0.0379682,0.00052289,0.0141212
1747396336374468,0.0395657,0.000386522,0.0111558
1747396336374545,0.03847,0.000427792,0.0132305
1747396336374689,0.0377782,0.000677896,0.0144421
1747396336374737,0.0380876,0.000683135,0.0138243
1747396336374900,0.0390217,4.84155e-05,0.0120867
1747396336374941,0.0431428,-5.63627e-05,0.00494952
1747396336374944,0.0433572,0.000405202,0.00462111
1747396336374981,0.0382917,0.00061994,0.0135886
1747396336375328,0.0383596,0.000511792,0.0135215
1747396336375396,0.0388432,0.000420806,0.0126603
1747396336375576,0.0383721,0.000782257,0.0134077
1747396336375638,0.0391878,0.00062134,0.0119131
1747396336375663,0.0388975,0.000760744,0.0123955
1747396336375688,0.0393665,0.000384275,0.0116972
1747396336375694,0.0385593,0.000691151,0.0130935
1747396336375781,0.0390815,0.000377039,0.012269
1747396336375784,0.0393186,0.000345996,0.0118281
1747396336375793,0.0388201,0.000719677,0.0125678
1747396336376003,0.0388798,0.000304073,0.0125526
1747396336376004,0.0430593,0.000300948,0.00511879
1747396336376068,0.0384611,0.000417201,0.0133018
1747396336376070,0.0395327,0.000245001,0.0113372
1747396336376087,0.0392643,0.000405873,0.0119625
1747396336376124,0.0392816,0.000685685,0.0118096
1747396336376135,0.0435774,0.000351511,0.00432046
1747396336376181,0.0399406,0.000401071,0.0106726
1747396336376242,0.038672,0.000473042,0.0130508
1747396336376401,0.0438481,0.000156384,0.00388174
1747396336376423,0.0386987,0.000733592,0.012916
1747396336376429,0.0388908,0.000717689,0.0125483
1747396336376432,0.0383458,0.000532171,0.0134967
1747396336376435,0.0430401,0.000337645,0.005149
1747396336376448,0.0393517,0.000133464,0.0117282
1747396336376467,0.0430672,0.000326125,0.00510672
1747396336376487,0.0388779,0.000646449,0.012614
1747396336376569,0.0398993,0.000471139,0.0107419
1747396336376644,0.0383083,0.000813562,0.0135149
1747396336376665,0.0391183,0.000210492,0.0121618
1747396336376780,0.0402455,0.000273082,0.0100935
1747396336377001,0.0388514,0.000483059,0.0126566
1747396336377095,0.0381795,0.000660368,0.0138265
1747396336377099,0.0400538,0.000133755,0.0103247
1747396336377169,0.0384262,0.000617812,0.0133627
1747396336377171,0.0384432,0.000302528,0.0133304
1747396336377183,0.039102,0.000528057,0.012097
1747396336377338,0.0387275,0.000474996,0.0128553
1747396336377384,0.0385488,0.000559391,0.0131562
1747396336377701,0.0391427,0.000673895,0.0120831
1747396336377843,0.0387486,0.000556758,0.0129225
1747396336377928,0.0432131,0.00036464,0.00492454
1747396336378260,0.0400546,0.000277402,0.0104449
1747396336378298,0.0386989,0.000778423,0.0127698
1747396336378327,0.0431038,0.000299401,0.00509556
1747396336378383,0.0384816,0.000501416,0.013373
1747396336378586,0.0395935,0.000354679,0.0112778
1747396336378624,0.0384976,0.00072106,0.013197
1747396336378720,0.0382499,0.000280247,0.013597
1747396336378724,0.0386805,0.000632677,0.01289
1747396336378731,0.0384926,0.000249971,0.0131438
1747396336379351,0.0383721,0.000782257,0.0134077
1747396336379404,0.0388069,0.000528733,0.0128235
1747396336379554,0.03847,0.000474372,0.0132875
1747396336379589,0.0433329,0.000307003,0.00476296
1747396336379642,0.0388467,0.000380117,0.0128098
1747396336379653,0.0440584,0.00026605,0.0035788
1747396336380270,0.03934,0.00045629,0.0119311
1747396336380340,0.0387038,0.00068735,0.013056
1747396336380760,0.0395507,0.000238622,0.0114891
1747396336380830,0.0387844,0.000595813,0.0124746
1747396336380862,0.0382238,0.000786368,0.0134464
1747396336380882,0.0405832,0.000556354,0.00918293
1747396336380896,0.041719,0.000544342,0.00721807
1747396336380938,0.0377191,0.00080257,0.0144312
1747396336380940,0.0380382,0.000723203,0.0138492
1747396336380989,0.0387253,0.000623704,0.0125722
1747396336381018,0.0385737,0.000305335,0.0131114
1747396336381099,0.0379642,0.000835236,0.0139243
1747396336381191,0.0387077,0.000352849,0.0129425
1747396336381216,0.0395921,0.000592231,0.011342
1747396336381220,0.0377603,0.000935,0.0142631
1747396336381251,0.0388809,0.00061853,0.0127089
1747396336381256,0.0391427,0.000673895,0.0120831
1747396336381452,0.0389968,0.00054485,0.0125574
1747396336381455,0.0396662,0.000159684,0.0112536
1747396336381586,0.0380403,0.000833124,0.0139049
1747396336381614,0.039794,0.000444846,0.0110036
1747396336382035,0.0441009,0.000329591,0.00354981
1747396336382039,0.0438986,0.000330463,0.00388203
1747396336382110,0.0390673,0.000560828,0.0124926
1747396336382114,0.0408231,0.000527086,0.00916445
1747396336382124,0.0400784,0.000315117,0.010652
1747396336382124,0.0443471,0.000224418,0.00316242
1747396336382182,0.0398032,0.000365854,0.0111567
1747396336382183,0.040671,0.000354893,0.00951496
1747396336382253,0.038941,0.000635375,0.0124634
1747396336382320,0.0384994,0.000616024,0.0133442
1747396336382397,0.0394158,0.000471146,0.0118555
1747396336382644,0.0392513,0.000549581,0.0121353
1747396336382709,0.0413272,0.000459284,0.0082741
1747396336383259,0.0388617,0.000583391,0.012497
1747396336383566,0.0383548,0.000589988,0.0134822
1747396336383579,0.0388021,0.000611384,0.0125964
1747396336383613,0.0388346,0.000366022,0.0126741
1747396336383642,0.0404261,0.000505001,0.0096175
1747396336383802,0.0388729,0.000545616,0.0127675
1747396336383888,0.0390185,0.000642762,0.0125766
1747396336383889,0.0393275,0.000288693,0.0120029
1747396336383915,0.0391008,0.000437231,0.0123797
1747396336383933,0.037793,-0.000549472,0.0127012
1747396336384056,0.0390548,0.000535186,0.012414
1747396336384255,0.0439151,7.11316e-05,0.00380073
1747396336384289,0.0434643,0.000320718,0.00459965
1747396336384778,0.040862,0.00052812,0.0090262
1747396336385057,0.0396164,0.000237393,0.0114707
1747396336385220,0.0395422,0.00018825,0.0115027
1747396336385226,0.0391631,0.000399975,0.0123276
1747396336385298,0.0384492,-0.000456095,0.0116031
1747396336385319,0.0391803,0.000506604,0.0122997
1747396336385442,0.0390759,0.000614675,0.0124786
1747396336385446,0.0402644,0.000355988,0.0103019
1747396336385454,0.0403106,0.000334582,0.010224
1747396336385538,0.0391717,0.000453343,0.0123137
1747396336385598,0.0394609,0.00039455,0.011778
1747396336385665,0.0393495,0.000683715,0.0117898
1747396336386117,0.0385086,0.000749428,0.0132826
1747396336386457,0.0392822,0.000401412,0.012125
1747396336386471,0.0386298,0.000614085,0.0131238
1747396336386584,0.0385705,0.000719109,0.013178
1747396336386714,0.0414431,0.000408806,0.00805485
1747396336386821,0.0398089,0.000338767,0.0112377
1747396336387127,0.0388908,0.000717689,0.0125483
1747396336387217,0.0399958,0.000381124,0.0108804
1747396336387319,0.0439584,0.000319734,0.00382641
1747396336387424,0.0394374,0.000546986,0.0119155
1747396336387708,0.0396468,0.000600477,0.0114747
1747396336387785,0.0438876,0.000255939,0.00393806
1747396336387810,0.0400386,0.000182958,0.0107661
1747396336387905,0.0392115,0.000671967,0.0120637
1747396336388051,0.0395747,0.000396182,0.0115851
1747396336388108,0.0389483,0.000644603,0.0125953
1747396336388160,0.0437047,0.000328269,0.00420299
1747396336388161,0.0382213,-0.000408917,0.0120197
1747396336388231,0.0392489,0.000504977,0.0122816
1747396336388309,0.0388897,0.000673165,0.0126946
1747396336388322,0.0406411,0.000394199,0.00964427
1747396336388343,0.042625,0.000474476,0.00594267
1747396336388369,0.0385363,-0.000372491,0.0114739
1747396336388400,0.0410422,0.00023799,0.00890614
1747396336388467,0.0434643,0.000320718,0.00459965
1747396336388604,0.0395801,0.000368469,0.0116698
1747396336388728,0.0441062,7.439e-05,0.0035762
1747396336388949,0.0400208,0.000526151,0.0107611
1747396336388975,0.0422644,0.000388558,0.00670079
1747396336389075,0.0395884,0.000419303,0.0116563
1747396336389296,0.0397448,0.000179791,0.0113036
1747396336389371,0.0385416,-0.000445155,0.0115848
1747396336389392,0.0444252,3.68368e-05,0.00304803
1747396336389424,0.0382849,-0.000462069,0.0120092
1747396336389500,0.0390983,0.000372367,0.0124376
1747396336389799,0.0393831,0.00057342,0.0120086
1747396336390044,0.0393281,0.000600256,0.0121027
1747396336390056,0.0398089,0.000338767,0.0112377
1747396336390126,0.0391932,0.00053184,0.0123774
1747396336390193,0.0411325,0.000490439,0.00869549
1747396336390199,0.0443839,0.000308414,0.00312726
1747396336390201,0.0394827,0.000469569,0.0118373
1747396336390360,0.0447834,0.000224057,0.00248717
1747396336390419,0.0397153,0.000436003,0.0113982
1747396336390428,0.0398551,0.000184462,0.0111165
1747396336390470,0.0399391,0.000411749,0.0111078
1747396336390539,0.0413286,0.00030478,0.00850236
1747396336390781,0.039837,0.000586882,0.0111115
1747396336390833,0.0402075,0.000259692,0.0104814
1747396336391017,0.0400292,0.000573233,0.0107474
1747396336391060,0.0397519,0.000549577,0.011296
1747396336391089,0.0406329,0.000351226,0.00965734
1747396336391178,0.0446084,0.000231918,0.00277304
1747396336391247,0.0401285,0.000525534,0.0105796
1747396336391276,0.0394036,0.00033951,0.0119708
1747396336391342,0.0402035,0.000412534,0.0103672
1747396336391342,0.040906,0.000187571,0.00920812
1747396336391464,0.0444238,-1.1082e-05,0.00308375
1747396336391467,0.0385986,-0.000423473,0.0114624
1747396336391675,0.03895,-0.000327146,0.0109013
1747396336392298,0.0396021,0.000442716,0.0117283
1747396336392405,0.0394961,0.000493662,0.0119111
1747396336392439,0.0399275,0.000232108,0.0110847
1747396336392869,0.0389816,-0.000531867,0.0108961
1747396336393080,0.0381877,-0.000410674,0.0121957
1747396336393296,0.0395801,0.000368469,0.0116698
1747396336393334,0.0386265,-0.000361746,0.0114579
1747396336393377,0.0408222,0.000278643,0.00938347
1747396336393462,0.0394374,0.000546986,0.0119155
1747396336393673,0.044953,0.000279951,0.00226961
1747396336393798,0.0389602,-0.000278524,0.0108865
1747396336393860,0.0395045,0.000545296,0.0118973
1747396336394060,0.0395107,0.000290459,0.0117872
1747396336394120,0.043936,0.000259185,0.00386138
1747396336394135,0.0391454,0.000612885,0.0124602
1747396336394180,0.0447357,0.000189262,0.00256165
1747396336394244,0.0403236,0.00028329,0.0103707
1747396336394567,0.0404662,0.00042268,0.0100558
1747396336394591,0.0447088,0.000268481,0.00263579
1747396336394631,0.0450425,0.000212894,0.00209913
1747396336394658,0.0395494,0.000467997,0.0118192
1747396336394718,0.0401238,0.000249855,0.010799
1747396336395135,0.040265,0.000411035,0.0103484
1747396336395155,0.0393584,0.00045245,0.0120934
1747396336395255,0.0393196,0.000547874,0.0121167
1747396336395318,0.0402102,0.000359279,0.0106036
1747396336395328,0.0425351,0.000403927,0.00629389
1747396336395695,0.0398024,0.000507321,0.0114366
1747396336395890,0.0447225,0.000294428,0.00264589
1747396336395898,0.0406164,0.000410772,0.00984749
1747396336395931,0.0442452,0.000289148,0.00343126
1747396336395960,0.0382676,-0.00034421,0.0119892
1747396336396007,0.0425437,0.00038668,0.00633576
1747396336396085,0.0396711,0.000131164,0.011336
1747396336396458,0.0404556,0.000229256,0.0101926
1747396336396585,0.04023,0.000326427,0.0105306
1747396336396780,0.0387707,-0.000229578,0.0111258
1747396336397027,0.0396542,0.000417814,0.0116384
1747396336397072,0.044056,0.000292271,0.00370975
1747396336397096,0.0398311,0.000410313,0.0112927
1747396336397155,0.0405576,0.000379941,0.00990098
1747396336397270,0.0447486,0.000135712,0.00260305
1747396336397272,0.0395494,0.000467997,0.0118192
1747396336397278,0.0386369,-7.6604e-05,0.0114818
1747396336397279,0.0370089,-0.000347407,0.0141521
1747396336397349,0.0394241,-0.000255621,0.0102349
1747396336397394,0.0402982,0.000299058,0.0105888
1747396336397477,0.0448322,6.66882e-05,0.00245932
1747396336397488,0.0389837,0.000406903,0.0126788
1747396336397509,0.0376479,-0.000175458,0.0131838
1747396336397519,0.0401421,0.000547452,0.0106439
1747396336397526,0.0417345,0.000363126,0.00755202
1747396336397600,0.0392737,0.000348724,0.0121388
1747396336397609,0.0394525,0.000343214,0.0117916
1747396336397771,0.0416799,0.000267889,0.00799229
1747396336397816,0.0406809,0.00034446,0.00989235
1747396336397836,0.0393455,-0.000360286,0.010428
1747396336397888,0.0408368,0.000296868,0.00943771
1747396336397895,0.0450314,0.000179864,0.00214456
1747396336397907,0.0384562,-0.000103558,0.0117923
1747396336398049,0.0385734,-5.5171e-05,0.0115779
1747396336398177,0.0387609,-2.97877e-05,0.0112588
1747396336398270,0.040381,0.000511743,0.0102009
1747396336398370,0.0455066,0.000170458,0.00140124
1747396336398545,0.0394506,0.000571686,0.0119903
1747396336398582,0.0395045,0.000545296,0.0118973
1747396336398626,0.040275,0.000461648,0.0106308
1747396336398738,0.0388727,-0.000238653,0.0112058
1747396336398801,0.0416527,0.000478198,0.00784593
1747396336398858,0.0417321,0.000167099,0.00787406
1747396336398941,0.0448315,0.000241818,0.00250286
1747396336398977,0.0422214,0.000464405,0.00683078
1747396336398997,0.0440054,0.000129614,0.00366038
1747396336399131,0.0400443,0.000155556,0.0108445
1747396336399156,0.040136,0.000399844,0.0109101
1747396336399245,0.0407098,0.000189911,0.00957107
1747396336399282,0.044595,0.000277847,0.00289325
1747396336399451,0.044071,8.83381e-07,0.00370735
1747396336399533,0.0447755,0.000119187,0.00259144
1747396336399606,0.0404609,0.000372076,0.0103091
1747396336399698,0.0364489,8.17442e-05,0.015319
1747396336399735,0.0380634,6.05218e-05,0.0125092
1747396336399760,0.0409567,0.000317232,0.00946298
1747396336399845,0.0365048,-9.83446e-05,0.0153307
1747396336399868,0.0356717,-1.91011e-05,0.0168051
1747396336400005,0.04003,0.000398368,0.0110935
1747396336400093,0.0355874,1.30785e-05,0.016939
1747396336400222,0.0402669,0.000414895,0.0106441
1747396336400403,0.0370979,8.31933e-05,0.0141664
1747396336400509,0.0395509,0.000478784,0.0114504
1747396336400542,0.0381293,3.65462e-05,0.0124082
1747396336400645,0.0368328,-6.15267e-05,0.0147186
1747396336400766,0.0397426,0.000482322,0.0115394
1747396336400844,0.0397649,4.94355e-05,0.00968638
1747396336400921,0.0393795,0.000187242,0.0102639
1747396336401002,0.0394366,0.000166567,0.0101783
1747396336401092,0.0412098,0.000234449,0.00884886
1747396336401137,0.0390506,4.39906e-05,0.0108589
1747396336401169,0.0366291,-6.56048e-05,0.015086
1747396336401205,0.0401549,0.000334561,0.0106976
1747396336401299,0.0395494,0.000467997,0.0118192
1747396336401356,0.0396769,0.000483925,0.0115577
1747396336401655,0.0401827,0.000477423,0.0105741
1747396336402140,0.0452765,0.000128437,0.00180009
1747396336402176,0.0454936,0.000131487,0.00144563
1747396336402425,0.0380636,-0.000476472,0.0122555
1747396336402534,0.0446298,0.000276182,0.00287066
1747396336402550,0.0388635,8.73194e-05,0.0110613
1747396336402567,0.0406961,0.000363925,0.00995026
1747396336402692,0.0424663,0.000413016,0.00660411
1747396336402766,0.0380877,0.000110368,0.0123432
1747396336402784,0.0406521,0.000385056,0.0100267
1747396336402828,0.0388731,0.000259109,0.0109776
1747396336402828,0.0384241,-0.000322607,0.0116789
1747396336402897,0.0448457,0.000266576,0.00251125
1747396336402934,0.0415976,0.000329695,0.00823298
1747396336402981,0.0354723,-5.31338e-05,0.0170553
1747396336402987,0.0386792,0.000153618,0.0113382
1747396336402993,0.0389963,0.000214155,0.0107936
1747396336403392,0.0376445,0.000187704,0.0130564
1747396336403631,0.0384595,0.000523914,0.0131555
1747396336403682,0.0403985,0.000458519,0.0105946
1747396336403694,0.0409368,0.000221215,0.00946067
1747396336403717,0.0427524,0.000383231,0.00615971
1747396336403727,0.0358583,0.000113466,0.016232
1747396336403741,0.0407941,0.000374204,0.00982734
1747396336403811,0.0376534,0.000595314,0.0147028
1747396336403863,0.0409227,0.000312965,0.00960329
1747396336403884,0.0376777,0.000509163,0.0147131
1747396336403891,0.0355619,-0.000161123,0.0168568
1747396336403929,0.0387832,9.78958e-05,0.0111459
1747396336403935,0.0450436,0.000265462,0.00218316
1747396336403981,0.0450553,0.00026033,0.00216437
1747396336403989,0.0411406,0.000288394,0.00918981
1747396336404026,0.0397075,-5.67816e-05,0.00981177
1747396336404037,0.0387307,0.000169416,0.0112249
1747396336404433,0.0390314,-2.37368e-05,0.0108085
1747396336404440,0.0379846,0.000440354,0.014143
1747396336404459,0.0433596,0.000273216,0.00459014
1747396336404465,0.0377335,-7.25799e-05,0.0130027
1747396336404486,0.0377212,0.000563375,0.0145882
1747396336404494,0.0403758,0.000390836,0.0105442
1747396336404647,0.0380396,0.000350575,0.0140492
1747396336404720,0.0384777,0.000172341,0.0116405
1747396336404835,0.0386891,-7.44968e-05,0.0113944
1747396336404908,0.0360532,-0.000111105,0.0159779
1747396336404946,0.0359721,-8.12442e-05,0.0161051
1747396336405053,0.045099,0.000253534,0.00212268
1747396336405058,0.0385423,0.000149086,0.0115434
1747396336405123,0.0431453,0.000368702,0.00546008
1747396336405128,0.0383342,0.000582021,0.0133646
1747396336405195,0.0410789,0.000236881,0.00918234
1747396336405230,0.0389862,0.000166464,0.0108083
1747396336405237,0.0410837,0.000439632,0.0092553
1747396336405307,0.0395714,0.000543611,0.0118792
1747396336405340,0.0388629,0.000210757,0.0109924
1747396336405448,0.0413205,0.00035623,0.00866268
1747396336405453,0.0418027,0.000291217,0.00778576
1747396336405498,0.04245,0.00039986,0.00657208
1747396336405513,0.0411358,0.000363845,0.00900927
1747396336405561,0.0414362,0.000302227,0.00846575
1747396336405572,0.0439024,9.90616e-05,0.00382084
1747396336405610,0.0421482,2.29995e-07,0.00647289
1747396336405646,0.0377481,-2.85752e-05,0.0130319
1747396336405759,0.042159,0.000430572,0.00701886
1747396336405889,0.0396765,0.000492095,0.0116968
1747396336405915,0.0423372,0.000431554,0.00669975
1747396336406059,0.0393668,0.000504852,0.0120796
1747396336406097,0.0457219,0.000103694,0.00109749
1747396336406111,0.0385751,-0.000259886,0.0114537
1747396336406186,0.0389147,7.51757e-05,0.0110285
1747396336406290,0.0406593,0.000360359,0.0100991
1747396336406393,0.0409723,0.000335699,0.00951752
1747396336406497,0.0391564,-4.45051e-05,0.0106986
1747396336406516,0.038249,-6.37443e-05,0.0122244
1747396336406560,0.0409189,0.000414806,0.00977813
1747396336406593,0.0451076,0.000217027,0.00210856
1747396336406639,0.0409879,0.000354389,0.00957271
1747396336406692,0.0445927,0.000273009,0.00293057
1747396336406818,0.0391153,0.00014373,0.0106928
1747396336406903,0.0402894,0.000483286,0.0106953
1747396336406945,0.0406745,0.00038038,0.0101593
1747396336406957,0.0375119,-9.02623e-05,0.0134366
1747396336407044,0.0408067,0.000247849,0.00972096
1747396336407064,0.0387815,-1.86833e-05,0.0112642
1747396336407202,0.0379663,-8.03059e-05,0.0126559
1747396336407229,0.039253,0.000183368,0.0104528
1747396336407250,0.0384016,-2.95392e-05,0.0118755
1747396336407352,0.0457664,0.000135695,0.00102641
1747396336407384,0.0384663,-5.17193e-05,0.0117775
1747396336407521,0.038291,-7.85806e-05,0.0120815
1747396336407829,0.0460583,0.000170757,0.000555263
1747396336407870,0.0376427,-0.000234148,0.013055
1747396336407879,0.0388333,-1.47637e-06,0.0111502
1747396336408011,0.0384118,2.25402e-05,0.0118607
1747396336408126,0.0410174,0.000280533,0.00948421
1747396336408263,0.0390421,-0.000200801,0.0107647
1747396336408271,0.0448451,0.000225592,0.00254321
1747396336408273,0.0385865,-0.000331311,0.0115555
1747396336408447,0.0403985,0.000458519,0.0105946
1747396336408448,0.0379388,-0.000302421,0.0125645
1747396336408847,0.0418,0.000180763,0.00789662
1747396336408998,0.0406823,0.000425263,0.0101461
1747396336409027,0.0408372,0.000285436,0.00983527
1747396336409049,0.0412397,0.000256892,0.00906205
1747396336409171,0.0417349,0.000351509,0.00811041
1747396336409307,0.046272,0.000130281,0.000227651
1747396336409350,0.0387829,-0.00024928,0.0112236
1747396336409429,0.0416682,0.000343769,0.0072956
1747396336409551,0.0380589,0.000256882,0.013858
1747396336409805,0.0408726,0.00028991,0.00969004
1747396336409830,0.041184,0.000193332,0.00915808
1747396336409863,0.0455607,0.000113043,0.00138611
1747396336409944,0.03849,-0.000280164,0.0117394
1747396336410082,0.0378654,0.000530254,0.014457
1747396336410165,0.0407113,0.000383627,0.0100089
1747396336410183,0.0416794,0.000273936,0.00816408
1747396336410221,0.0398166,-0.000119175,0.0097195
1747396336410475,0.0400171,-9.47536e-05,0.00938658
1747396336410534,0.0411389,0.000385652,0.00935459
1747396336410604,0.0381238,0.000409247,0.0140173
1747396336410630,0.0430771,0.000236369,0.00510878
1747396336410722,0.0395562,-0.000144312,0.0100704
1747396336410827,0.0382545,0.000658529,0.0138081
1747396336410894,0.0392906,2.65561e-05,0.0105831
1747396336410976,0.0448191,0.000278373,0.00255429
1747396336411262,0.0379315,0.000704916,0.0142958
1747396336411277,0.0459785,9.53123e-05,0.000701811
1747396336411310,0.0387712,-0.000330408,0.0113223
1747396336411522,0.0387981,0.000398827,0.0128831
1747396336411560,0.0384262,0.00069448,0.0133162
1747396336411644,0.0382369,0.000708832,0.0136816
1747396336412043,0.0375347,-5.01935e-05,0.0135877
1747396336412081,0.0462314,0.0001004,0.000292521
1747396336412251,0.0392524,0.000168305,0.0105645
1747396336412363,0.038826,6.29205e-05,0.0113164
1747396336412404,0.0388811,0.000128947,0.0111967
1747396336412473,0.0391936,0.000189759,0.0106533
1747396336412827,0.0381371,5.95147e-05,0.0124865
1747396336412833,0.0419691,0.000306031,0.00774661
1747396336412990,0.0411954,0.000384213,0.00933664
1747396336413061,0.0398286,4.85706e-05,0.00966257
1747396336413099,0.0380038,0.000108557,0.0126918
1747396336413148,0.0456032,0.000120421,0.00134125
1747396336413231,0.0462923,0.000122446,0.000211619
1747396336413265,0.0381649,-0.000125054,0.0125741
1747396336413308,0.0460706,0.000133095,0.000572781
1747396336413385,0.0359561,-1.74483e-05,0.0164178
1747396336413494,0.0393103,0.000147202,0.0104769
1747396336413597,0.0395497,7.38422e-05,0.0101569
1747396336413922,0.0394464,0.000186019,0.0102387
1747396336414066,0.0411878,0.000342461,0.00934949
1747396336414280,0.0416596,0.000247197,0.00834284
1747396336414482,0.0463031,0.000153227,0.000177864
1747396336414500,0.0413508,0.000254469,0.00902565
1747396336414588,0.0383638,-7.93231e-05,0.0120578
1747396336414600,0.041749,0.000229081,0.00826034
1747396336414674,0.0453945,0.000232915,0.00168936
1747396336414720,0.0395687,0.00018994,0.0100547
1747396336414748,0.0381227,0.000384145,0.0122139
1747396336414762,0.039133,0.000175391,0.0107796
1747396336414890,0.0411236,0.000301904,0.00938032
1747396336415068,0.0456635,0.000211056,0.00126732
1747396336415085,0.0415233,0.000210928,0.00868804
1747396336415121,0.0388472,-0.000157778,0.011282
1747396336415150,0.0357101,0.00031791,0.0164652
1747396336415222,0.0386202,0.000661693,0.0129912
1747396336415287,0.0383729,0.000705286,0.0134533
1747396336415329,0.0337525,0.000125165,0.0203757
1747396336415360,0.0383099,0.000137444,0.0121818
1747396336415417,0.0377161,0.000727741,0.0147654
1747396336415428,0.0390738,0.000197274,0.0108694
1747396336415480,0.0401745,0.000552967,0.0100964
1747396336415524,0.0338494,8.55399e-05,0.0202177
1747396336415564,0.0381992,0.000639223,0.0138426
1747396336415569,0.0379583,0.000682499,0.0143014
1747396336415642,0.0386243,2.16055e-05,0.0116993
1747396336415650,0.0383152,0.000657705,0.013598
1747396336415674,0.0394562,0.000231452,0.0102243
1747396336415773,0.0338299,0.000164747,0.0201822
1747396336415792,0.0363234,-7.33289e-06,0.0157813
1747396336415880,0.0393989,0.000252729,0.0103107
1747396336415935,0.0454421,0.000223527,0.00163759
1747396336415963,0.0417563,0.000260645,0.00807248
1747396336416040,0.0416652,0.000313429,0.00844026
1747396336416104,0.036345,-7.9015e-05,0.0156941
1747396336416111,0.0411878,0.000342461,0.00934949
1747396336416207,0.039521,-9.11562e-05,0.010091
1747396336416210,0.037946,0.000189182,0.0127813
1747396336416421,0.036224,-0.000112952,0.0159376
1747396336416477,0.0391837,0.000142596,0.0106678
1747396336416494,0.0445852,0.000110183,0.0028298
1747396336416554,0.0387159,-4.27853e-05,0.0116908
1747396336416627,0.0380428,0.000567882,0.0142077
1747396336416657,0.037783,0.000694806,0.0146513
1747396336416775,0.0386313,7.92291e-05,0.0116129
1747396336416847,0.0391767,-3.43802e-05,0.0109062
1747396336416893,0.0449329,0.000151465,0.00230036
1747396336416906,0.03874,0.000604095,0.0127901
1747396336416914,0.0403189,3.32472e-06,0.00900147
1747396336416963,0.0376549,0.000244165,0.0130412
1747396336417005,0.0425918,0.000450527,0.00589113
1747396336417048,0.0390598,7.05172e-06,0.0110863
1747396336417127,0.039537,1.24379e-05,0.0102851
1747396336417132,0.0394813,3.21418e-05,0.0103703
1747396336417148,0.0340116,2.97793e-06,0.0198859
1747396336417177,0.0379789,0.000598907,0.0143167
1747396336417200,0.0460437,8.99375e-05,0.000635509
1747396336417234,0.0403614,-7.92135e-05,0.00900456
1747396336417246,0.0339344,-3.75171e-05,0.0200781
1747396336417342,0.041116,0.000259881,0.00939319
1747396336417405,0.0460096,9.3188e-05,0.000671312
1747396336417405,0.0368647,-0.000132914,0.0150405
1747396336418045,0.037986,6.1324e-05,0.0129905
1747396336418178,0.0389741,0.000110608,0.011256
1747396336418259,0.040165,1.75724e-05,0.00929562
1747396336418351,0.0401469,0.000198926,0.0092635
1747396336418642,0.0418871,0.000269066,0.00809174
1747396336418804,0.0364918,-9.42668e-06,0.0157418
1747396336418842,0.0414672,0.000355474,0.00890045
1747396336418843,0.0392218,-0.000335474,0.0107631
1747396336418854,0.0399998,0.000164509,0.00951689
1747396336418896,0.0400111,-0.000190409,0.00953671
1747396336418986,0.0398946,0.000203474,0.00967692
1747396336419059,0.0372284,-5.61068e-05,0.0144128
1747396336419305,0.0378856,-0.000139179,0.0132867
1747396336419307,0.0425432,0.000337626,0.00689332
1747396336419315,0.0344788,0.000580086,0.0191355
1747396336419372,0.0397113,-2.67361e-05,0.0100942
1747396336419391,0.0366265,0.000664628,0.0149411
1747396336419405,0.0335901,0.00205592,0.0196594
1747396336419408,0.0393677,9.9645e-05,0.0104667
1747396336419415,0.0427376,0.000271364,0.00646603
1747396336419494,0.0343282,0.000511558,0.0195106
1747396336419587,0.0339688,0.00171024,0.0191942
1747396336419596,0.0402365,-3.55964e-05,0.00922571
1747396336419613,0.033873,0.00114059,0.0198551
1747396336419640,0.0338632,0.00200917,0.0191737
1747396336419657,0.0463456,0.000119334,0.000158047
1747396336419676,0.0337036,0.0010042,0.0203276
1747396336419699,0.0413975,0.000276465,0.00894371
1747396336419717,0.0338703,0.00121524,0.0197941
1747396336419718,0.0342312,0.00142765,0.0189059
1747396336419718,0.0340026,0.00177581,0.0190799
1747396336419732,0.0360497,0.000607544,0.016044
1747396336419802,0.042243,0.000282084,0.00731194
1747396336419832,0.0349752,0.00140278,0.0175075
1747396336419874,0.0354687,0.0013408,0.0166336
1747396336419875,0.0349496,0.00117467,0.0177178
1747396336419905,0.0376064,-2.96925e-05,0.0135298
1747396336419910,0.0343237,0.0016243,0.0185794
1747396336419920,0.0338192,0.00194603,0.0193036
1747396336419927,0.0339314,0.00189245,0.0191293
1747396336419953,0.0357182,0.00106462,0.0163528
1747396336420002,0.0396455,1.18276e-05,0.0100774
1747396336420032,0.0379968,0.000113125,0.0128371
1747396336420042,0.039243,0.000136983,0.0104674
1747396336420135,0.034369,0.000769284,0.019186
1747396336420139,0.0345333,0.00128754,0.0184305
1747396336420163,0.0344338,0.0013335,0.018587
1747396336420189,0.0412758,0.000344872,0.00919417
1747396336420189,0.0338622,0.000723605,0.0202728
1747396336420306,0.0395248,0.000340784,0.0100722
1747396336420334,0.0385514,0.000573901,0.0116087
1747396336420443,0.0342371,0.000552707,0.0196596
1747396336420463,0.0342181,0.00167398,0.018744
1747396336420501,0.0333748,0.000974543,0.0208581
1747396336420503,0.0338795,0.000746138,0.0200406
1747396336420526,0.0390638,-0.000139775,0.011282
1747396336420526,0.0335803,0.000881056,0.0205253
1747396336420530,0.034216,0.000388386,0.019692
1747396336420531,0.0350029,0.00115252,0.0175191
1747396336420535,0.0360302,0.00119632,0.0156148
1747396336420547,0.0339145,0.000590574,0.0201177
1747396336420558,0.0339173,0.00157468,0.0193997
1747396336420588,0.0397762,0.000224753,0.00978358
1747396336420628,0.0334608,0.00100693,0.0206501
1747396336420640,0.0339562,0.00115218,0.0195264
1747396336420686,0.0360739,0.00092523,0.0156974
1747396336420710,0.0355341,0.00139445,0.0164799
1747396336420725,0.0396343,0.000188726,0.0100301
1747396336420754,0.0338752,0.00134362,0.0195275
1747396336420763,0.0425121,0.000271551,0.00697419
1747396336420796,0.0337813,0.00188108,0.0194248
1747396336420817,0.0361339,1.98019e-05,0.0162529
1747396336420935,0.0391378,0.000111253,0.0108867
1747396336420937,0.0335415,0.00111597,0.0203848
1747396336420985,0.0345379,0.00120066,0.018362
1747396336421013,0.0400441,-0.000251988,0.00966305
1747396336421037,0.03381,0.00162529,0.0195685
1747396336421078,0.0341827,0.00160938,0.0188598
1747396336421203,0.0347772,0.00149438,0.0178151
1747396336421217,0.0338323,0.00169431,0.0194704
1747396336421245,0.0338618,0.00127189,0.0196123
1747396336421271,0.0338665,0.000823231,0.0199953
1747396336421366,0.0383476,0.000320335,0.0122145
1747396336421447,0.0337441,0.000597949,0.0204639
1747396336421529,0.0400442,7.79586e-05,0.00952036
1747396336421556,0.0342534,0.000650557,0.0193706
1747396336421571,0.0400633,0.000325132,0.010726
1747396336421663,0.0396384,0.000245032,0.0100574
1747396336422045,0.0400284,-7.81208e-05,0.00944006
1747396336422175,0.0423815,0.000275831,0.00729887
1747396336422219,0.0419273,0.000337604,0.00816858
1747396336422303,0.0432619,0.000259833,0.00562351
1747396336422547,0.0419623,0.000320389,0.00810585
1747396336422569,0.0379075,-4.4834e-05,0.0132977
1747396336422584,0.0398809,-0.000119674,0.00969468
1747396336422914,0.0393296,8.80484e-05,0.0107525
1747396336422973,0.0399596,-5.03969e-06,0.00975436
1747396336422989,0.0393681,-5.60218e-05,0.0107721
1747396336423116,0.0459406,0.000172579,0.00085023
1747396336423198,0.0403433,3.61533e-05,0.00910242
1747396336423524,0.0370392,-3.33001e-05,0.0148721
1747396336423584,0.0419108,0.000321708,0.0081237
1747396336423752,0.0444475,0.000273444,0.00341431
1747396336423800,0.0333759,0.00046483,0.0209917
1747396336423837,0.0408549,0.000138144,0.00820053
1747396336423893,0.0434424,0.000227499,0.00528732
1747396336423999,0.0336027,0.000297868,0.020691
1747396336424000,0.0459534,0.000189536,0.000829079
1747396336424073,0.0444989,0.000264438,0.00336574
1747396336424090,0.0428074,0.000313034,0.00646669
1747396336424171,0.0421726,0.000297285,0.00769978
1747396336424181,0.0334034,0.000382789,0.021017
1747396336424264,0.041018,-0.00011372,0.00804985
1747396336424267,0.0402599,0.000178934,0.00916153
1747396336424303,0.0405579,-0.000146318,0.00881062
1747396336424375,0.0400897,8.81166e-05,0.00955479
1747396336424382,0.0416223,0.000231456,0.00859066
1747396336424543,0.0337743,0.000295192,0.0203421
1747396336424639,0.0399899,-0.000207972,0.00967349
1747396336424653,0.0375931,0.000365374,0.0131787
1747396336424691,0.0345774,0.000246188,0.0187815
1747396336424723,0.03934,0.000108122,0.0108176
1747396336424727,0.0355711,0.000365632,0.0167924
1747396336424786,0.041683,0.000269146,0.00856012
1747396336424902,0.0403347,-1.2647e-06,0.00917647
1747396336424944,0.0330256,0.000475883,0.0217075
1747396336424944,0.0461281,0.000150028,0.00049831
1747396336424980,0.0402267,0.000124724,0.00931288
1747396336425069,0.0332733,0.000508914,0.0211589
1747396336425102,0.0377489,0.000559347,0.0128186
1747396336425142,0.0398215,0.000367712,0.0114443
1747396336425206,0.0384123,3.64125e-05,0.0124656
1747396336425248,0.0339206,0.000447895,0.0199042
1747396336425329,0.0440167,0.000324982,0.00381183
1747396336425501,0.0452729,9.05885e-05,0.00185929
1747396336425589,0.0331994,0.000470381,0.0213506
1747396336425748,0.0346027,0.00020735,0.0192821
1747396336425774,0.0404982,0.000387946,0.0105085
1747396336426317,0.0402183,0.000197214,0.00911652
1747396336426330,0.0403619,0.000118397,0.00907484
1747396336426357,0.0386892,0.000355768,0.0116119
1747396336426425,0.0406745,0.000178199,0.00856787
1747396336426570,0.0392363,0.000113858,0.0110156
1747396336426594,0.0404532,1.80771e-05,0.00900313
1747396336426719,0.0409879,7.99622e-06,0.0081242
1747396336426735,0.0415217,0.000354092,0.00888268
1747396336426747,0.04115,4.09993e-05,0.00784976
1747396336426964,0.0396159,4.13687e-05,0.010353
1747396336427011,0.0404291,0.000181855,0.00897247
1747396336427106,0.0402359,0.000166615,0.00929912
1747396336427246,0.0419385,0.000267856,0.00807391
1747396336427415,0.0440485,0.000287739,0.00376035
1747396336427513,0.040319,0.000201441,0.00907173
1747396336427657,0.0388071,9.67411e-07,0.011714
1747396336427829,0.0412347,7.89828e-05,0.00774697
1747396336427849,0.0394153,7.03385e-05,0.0108175
1747396336427851,0.0406312,0.000127529,0.00872998
1747396336427910,0.0394849,0.000397014,0.0120716
1747396336428055,0.0413707,9.21294e-05,0.00748793
1747396336428256,0.041683,0.000269146,0.00856012
1747396336428327,0.0332472,0.000848136,0.0210628
1747396336428380,0.0410274,-6.76323e-05,0.0081267
1747396336428453,0.0406793,0.00045017,0.00849739
1747396336428463,0.0336588,0.000666044,0.0203962
1747396336428467,0.0336984,0.000507309,0.0204679
1747396336428559,0.0401611,0.000129957,0.00951787
1747396336428615,0.0344688,0.00114122,0.0191836
1747396336428677,0.0391193,0.000501754,0.0111186
1747396336428717,0.0346841,0.00119041,0.0187088
1747396336428728,0.0382472,0.000459742,0.0138679
1747396336428751,0.0399487,0.000324392,0.00976555
1747396336428755,0.0361959,0.000574952,0.0164536
1747396336428756,0.0382611,0.000378667,0.0138932
1747396336428782,0.0400781,0.000613781,0.0094422
1747396336428783,0.0406682,0.000368295,0.00854197
1747396336428841,0.0464597,0.000155472,1.83844e-05
1747396336428856,0.0346703,0.00112138,0.0187935
1747396336428866,0.0343679,0.00111479,0.0194124
1747396336428883,0.0360342,0.000647194,0.016717
1747396336428910,0.0402984,0.00034903,0.00916545
1747396336428971,0.0404015,-0.000120841,0.00918267
1747396336428995,0.0461279,0.000107552,0.000536111
1747396336429000,0.038952,0.000488981,0.0114158
1747396336429015,0.0385704,0.000485634,0.0120895
1747396336429024,0.0330592,0.000860572,0.0214384
1747396336429038,0.0408163,0.000393963,0.008289
1747396336429040,0.0403858,0.000398135,0.009002
1747396336429071,0.0413996,-1.34846e-05,0.00750263
1747396336429084,0.0366416,0.000245284,0.0151283
1747396336429138,0.0391019,0.000263925,0.0112557
1747396336429161,0.0406982,0.000530638,0.00844133
1747396336429204,0.0342307,0.000166619,0.0198174
1747396336429221,0.0354798,0.000179959,0.0172169
1747396336429221,0.0348677,0.000289946,0.0183162
1747396336429232,0.0406657,0.000201703,0.00860151
1747396336429244,0.0402389,0.000458669,0.00922672
1747396336429270,0.0403374,0.000417992,0.00907599
1747396336429279,0.0360055,0.000490757,0.0160063
1747396336429330,0.0453198,0.000186311,0.00173117
1747396336429347,0.0335995,0.000550576,0.0206292
1747396336429395,0.0374876,0.000238906,0.0142039
1747396336429405,0.039933,0.000248601,0.00982181
1747396336429418,0.0430599,0.000261292,0.00605744
1747396336429438,0.0404683,-0.000187871,0.00904761
1747396336429454,0.0405288,0.000425307,0.00875466
1747396336429457,0.034173,0.000496082,0.0200616
1747396336429479,0.0352849,0.000690451,0.0179177
1747396336429575,0.0354557,0.000613128,0.0176393
1747396336429621,0.0402017,6.87486e-05,0.00945427
1747396336429642,0.0343683,0.00104156,0.019477
1747396336429706,0.0368801,0.000424321,0.0152356
1747396336429778,0.0394128,0.000546989,0.0105934
1747396336429818,0.0391793,0.000646444,0.0109539
1747396336429831,0.0345602,0.00102459,0.019099
1747396336429844,0.0343794,0.000892997,0.0195904
1747396336429864,0.0348531,0.000534654,0.0189388
1747396336429914,0.03494,0.000495012,0.0187947
1747396336429972,0.0394052,-1.33221e-05,0.0104088
1747396336429984,0.0359261,0.000620857,0.0169503
1747396336430004,0.0394693,0.000523107,0.010506
1747396336430022,0.0366176,0.000463632,0.0157133
1747396336430023,0.0372921,0.000875007,0.0139829
1747396336430031,0.0357857,0.000465354,0.0171013
1747396336430033,0.0367645,0.000158052,0.0155337
1747396336430048,0.046335,-0.00018138,0.048435
1747396336430057,0.035026,0.00045596,0.0186522
1747396336430062,0.0344952,0.000699315,0.0195318
1747396336430107,0.0368391,0.000127596,0.0154122
1747396336430188,0.0387897,0.000474861,0.011707
1747396336430207,0.0404955,0.000244132,0.00887135
1747396336430211,0.0421654,0.000261841,0.00771203
1747396336430250,0.0371412,0.000386941,0.0147632
1747396336430260,0.0459842,0.000186095,0.000798993
1747396336430290,0.034932,0.000567642,0.0187441
1747396336430303,0.0391775,0.00047727,0.0110283
1747396336430306,0.0347447,0.000865999,0.0188614
1747396336430321,0.0419201,0.000300383,0.00818105
1747396336430354,0.0402544,0.000250075,0.00927162
1747396336430462,0.0391001,0.000240882,0.0112671
1747396336430484,0.0385468,1.18041e-05,0.0123451
1747396336430501,0.0346605,0.00105139,0.0188722
1747396336430501,0.0400924,6.27016e-05,0.00962366
1747396336430611,0.0388215,0.000268902,0.0117426
1747396336430729,0.0361878,-4.58798e-05,0.0163392
1747396336430730,0.0414892,-6.4585e-06,0.0073655
1747396336430744,0.0367744,0.0002242,0.0155184
1747396336430841,0.0414672,0.000355474,0.00890045
1747396336430952,0.0413233,0.000229633,0.00752707
1747396336430954,0.0420136,0.000319074,0.00808811
1747396336430987,0.0386994,0.000318007,0.0119347
1747396336431044,0.0389829,0.000287636,0.0114509
1747396336431091,0.0380168,0.00010612,0.0132689
1747396336431110,0.0395936,0.000129964,0.0104585
1747396336431192,0.0412055,0.000187368,0.0077313
1747396336431234,0.0388731,8.51299e-05,0.0117384
1747396336431236,0.0424467,0.000288602,0.00731938
1747396336431275,0.0386359,0.000178747,0.012114
1747396336431400,0.0406909,0.000211747,0.00857199
1747396336431415,0.0412903,1.0728e-05,0.00769617
1747396336431465,0.0407019,0.000294597,0.0085272
1747396336431469,0.0384905,0.000155769,0.0123851
1747396336432237,0.0428117,0.000257555,0.006673
1747396336432251,0.0388927,0.000355575,0.0113838
1747396336432363,0.0350567,0.000208723,0.0186074
1747396336432905,0.0349694,0.000246032,0.0187521
1747396336433030,0.0398169,0.000547858,0.0112773
1747396336433220,0.0390878,0.000522197,0.0127533
1747396336433223,0.0404851,2.79446e-05,0.00905416
1747396336433408,0.0426701,0.000281182,0.00695597
1747396336433577,0.0347989,0.000248028,0.0190995
1747396336433702,0.0413489,6.72624e-05,0.00760668
1747396336433710,0.0394748,0.000408265,0.0120351
1747396336433753,0.0395403,0.000451691,0.0118783
1747396336433791,0.0391988,0.000467716,0.0125597
1747396336433814,0.0463757,8.11466e-05,0.000158014
1747396336433824,0.0447711,0.000259986,0.00253726
1747396336433988,0.0408835,-0.000153394,0.0085092
1747396336433989,0.0390313,0.000550055,0.0128517
1747396336434232,0.043563,0.000363134,0.00453038
1747396336434261,0.040223,0.000128912,0.0094948
1747396336434357,0.0457706,0.000131693,0.00104134
1747396336434370,0.0341807,0.00126387,0.0193081
1747396336434384,0.0428048,0.000226094,0.006685
1747396336434400,0.0339771,0.00135934,0.0196337
1747396336434457,0.0391489,0.000567371,0.012601
1747396336434462,0.0339118,0.00162215,0.019545
1747396336434464,0.0339342,0.00169102,0.0194462
1747396336434517,0.0346908,0.00141433,0.0181928
1747396336434551,0.0353077,0.00120914,0.0171663
1747396336434563,0.0404801,-3.82208e-05,0.00913228
1747396336434571,0.0407975,0.000236854,0.00844616
1747396336434579,0.0346485,0.000684059,0.0188704
1747396336434594,0.0410767,0.000502453,0.00889352
1747396336434609,0.0357189,0.00110197,0.0164679
1747396336434629,0.039868,0.000523025,0.0111897
1747396336434638,0.0370078,0.000533675,0.0144521
1747396336434651,0.0439102,0.000200372,0.00458048
1747396336434656,0.0343929,0.000660839,0.0194153
1747396336434734,0.0344734,0.000693573,0.0192192
1747396336434761,0.0389739,0.000508212,0.0110151
1747396336434775,0.038544,1.52267e-05,0.0124854
1747396336434833,0.0341235,0.00152186,0.0192098
1747396336434865,0.0346546,0.0006113,0.0189237
1747396336434919,0.040838,0.000158736,0.00844912
1747396336434949,0.0351729,0.00119132,0.0174342
1747396336434964,0.0341829,0.000897132,0.0196271
1747396336435061,0.0342429,0.000592728,0.0197936
1747396336435070,0.0335867,0.00117534,0.0205958
1747396336435078,0.0339038,0.000955921,0.0201478
1747396336435114,0.0338226,0.000923809,0.0203482
1747396336435169,0.0405548,0.000156496,0.00887786
1747396336435208,0.0358506,0.000363207,0.0167484
1747396336435226,0.0336235,0.00101694,0.0206739
1747396336435243,0.0393708,0.000265009,0.0104463
1747396336435281,0.0373707,9.76147e-05,0.0145569
1747396336435330,0.0363507,0.000979449,0.01538
1747396336435364,0.0343556,0.00149157,0.0187811
1747396336435501,0.0405466,0.000202799,0.00886105
1747396336435519,0.0410513,9.94947e-05,0.00805507
1747396336435548,0.0392268,0.000352482,0.0111163
1747396336435555,0.0400727,0.00038221,0.0111535
1747396336435687,0.0347291,0.00147698,0.0180739
1747396336435709,0.0340416,0.00163993,0.0192767
1747396336435764,0.035201,0.000596249,0.0185101
1747396336435774,0.0352955,0.00076627,0.0181655
1747396336435851,0.0409923,0.00024357,0.00814711
1747396336435910,0.0410185,0.000147977,0.00813349
1747396336436016,0.0351146,0.000636173,0.0186541
1747396336436017,0.038419,0.000111297,0.012678
1747396336436058,0.0392727,0.000418177,0.0108439
1747396336436091,0.0350273,0.000676706,0.0187998
1747396336436095,0.0396332,0.000441623,0.0102186
1747396336436141,0.0366857,0.000935571,0.0151839
1747396336436143,0.0339719,0.0012865,0.0197067
1747396336436170,0.0353406,0.000288341,0.0182744
1747396336436398,0.0350209,0.000637962,0.0186715
1747396336436414,0.0352815,0.000449211,0.0183021
1747396336436422,0.034657,0.00102235,0.0190796
1747396336436496,0.0356898,0.000334464,0.017563
1747396336436508,0.0345644,0.000921134,0.019362
1747396336436533,0.04077,0.000331634,0.00848937
1747396336436557,0.0377338,0.000712315,0.0133919
1747396336436560,0.0408156,0.000313448,0.00841923
1747396336436590,0.0364657,0.000233146,0.0163071
1747396336436592,0.0410594,0.00030432,0.00801743
1747396336436690,0.0345616,0.000994455,0.0193012
1747396336436707,0.0347539,0.000761561,0.019114
1747396336436757,0.0347495,0.000834498,0.0190564
1747396336436900,0.0351972,0.000487534,0.0184422
1747396336436918,0.0400954,0.000171638,0.00968522
1747396336436933,0.0404739,0.000187162,0.00883592
1747396336437007,0.0352029,0.000768219,0.018184
1747396336437056,0.035109,0.000739322,0.0184002
1747396336437121,0.0429203,0.000260069,0.00654124
1747396336437125,0.043733,0.000189023,0.00496368
1747396336437132,0.0351079,0.000597996,0.0185274
1747396336437162,0.0403135,0.000550075,0.00935795
1747396336437197,0.0399601,0.000537021,0.00997632
1747396336437205,0.0415329,0.000364893,0.00735215
1747396336437258,0.0351939,0.000558629,0.0183849
1747396336437287,0.040192,0.000354592,0.00964349
1747396336437339,0.0375099,0.000569588,0.0138789
1747396336437354,0.0400113,0.000514603,0.00989585
1747396336437507,0.0412037,0.000593093,0.00783461
1747396336437536,0.0430084,0.000256925,0.0062328
1747396336437579,0.0429537,0.000342062,0.00580027
1747396336437594,0.0402641,0.000571774,0.00943519
1747396336437602,0.0414555,0.00039752,0.00747166
1747396336437705,0.0374077,0.000570244,0.014662
1747396336437709,0.0400078,0.000685586,0.00983599
1747396336437759,0.0400603,0.000662093,0.00975383
1747396336437780,0.0416108,0.000417124,0.00720787
1747396336437840,0.0414945,0.000381079,0.00741155
1747396336437894,0.0380436,0.000432814,0.0135229
1747396336437917,0.0379892,0.000382012,0.0136582
1747396336437924,0.0385321,0.00029189,0.0126809
1747396336438006,0.0415723,0.000433488,0.00726713
1747396336438029,0.0411586,0.00035888,0.00912516
1747396336438040,0.0395751,0.000459516,0.0106882
1747396336438143,0.0393486,0.000319901,0.0111595
1747396336438174,0.0350149,0.00074178,0.0186915
1747396336438225,0.039791,0.000528334,0.0102766
1747396336438231,0.0419026,0.000295064,0.00675855
1747396336438232,0.0384127,0.000635837,0.0122966
1747396336438241,0.0408193,0.00033251,0.00856688
1747396336438267,0.0395294,0.000399196,0.0107968
1747396336438290,0.0400875,0.00040443,0.0112218
1747396336438301,0.0416584,0.000154788,0.00710779
1747396336438308,0.0405285,0.000345346,0.0103658
1747396336438355,0.0380383,0.000511293,0.0134857
1747396336438396,0.0444314,0.000272065,0.00323997
1747396336438420,0.0412673,0.000392568,0.00778812
1747396336438439,0.0358044,0.000528008,0.0172655
1747396336438480,0.0394123,0.000531048,0.0109469
1747396336438520,0.0352762,0.000479912,0.0183836
1747396336438554,0.0401843,0.00052238,0.00959172
1747396336438559,0.0358477,0.000206148,0.0175703
1747396336438560,0.0429376,0.000272538,0.00657403
1747396336438571,0.0368587,0.000749563,0.0156188
1747396336438592,0.0369757,0.000770515,0.0153732
1747396336438603,0.0410924,-5.92071e-05,0.00818318
1747396336438610,0.0375941,0.000560427,0.0143064
1747396336438612,0.0401343,0.000544281,0.00967015
1747396336438731,0.0408294,0.000137733,0.00842464
1747396336438746,0.0348348,0.000753094,0.0190547
1747396336438755,0.0376795,0.000446536,0.0142147
1747396336438763,0.0415814,0.000516812,0.00722916
1747396336438824,0.0351908,0.000518714,0.0185261
1747396336438832,0.0409946,0.000596609,0.00818355
1747396336438837,0.0417575,0.000529207,0.00693578
1747396336438850,0.0411854,0.000427384,0.00791501
1747396336438866,0.0412843,-3.84855e-05,0.00785614
1747396336438866,0.0404476,0.000663119,0.00908797
1747396336438902,0.0414187,0.000587801,0.00747884
1747396336438913,0.0464412,0.00011111,0.0480702
1747396336438956,0.0373378,0.000602362,0.0147771
1747396336438986,0.0408766,-9.89379e-05,0.00835865
1747396336439187,0.0383505,1.60257e-05,0.0129818
1747396336439234,0.0376302,3.6026e-05,0.0141923
1747396336439235,0.041919,0.000164439,0.00674104
1747396336439248,0.0410252,0.000388544,0.00939082
1747396336439291,0.0351044,0.000558108,0.0186702
1747396336439293,0.0404094,0.000375984,0.0106144
1747396336439384,0.0402215,0.000468163,0.0109453
1747396336439631,0.0412959,-1.135e-05,0.00774897
1747396336439729,0.0413839,-6.20267e-05,0.00767414
1747396336439790,0.0408739,0.000416829,0.00817451
1747396336439868,0.0408032,0.000147617,0.00859922
1747396336439887,0.0360782,6.66626e-05,0.0169951
1747396336439978,0.039168,0.000428956,0.0110425
1747396336440018,0.0395058,5.2368e-05,0.0108768
1747396336440102,0.0360554,0.00041378,0.0167945
1747396336440393,0.0411976,0.000211811,0.00793008
1747396336440470,0.0349952,0.000330311,0.018775
1747396336440546,0.0415612,6.15418e-05,0.00731455
1747396336440557,0.0373459,0.000367916,0.014183
1747396336440754,0.0364384,0.000517203,0.01578
1747396336440788,0.039923,-1.63655e-05,0.01022
1747396336440876,0.0350816,0.000292404,0.0186315
1747396336440900,0.0349582,0.00137429,0.0180867
1747396336440961,0.038556,7.35736e-05,0.012605
1747396336440974,0.0427167,0.000279947,0.00693822
1747396336440980,0.0341991,0.00106525,0.0198882
1747396336441009,0.0346953,0.00126806,0.0186916
1747396336441085,0.035167,0.000255069,0.0184895
1747396336441243,0.0346642,0.000915933,0.0190582
1747396336441243,0.0404472,0.000156255,0.00921705
1747396336441260,0.040812,0.000186688,0.00858585
1747396336441297,0.0355025,0.00127514,0.0171036
1747396336441305,0.0348508,0.000972118,0.0186263
1747396336441338,0.0345768,0.000886265,0.0192664
1747396336441354,0.0344298,0.00074797,0.0197082
1747396336441360,0.0353328,0.000253131,0.0181519
1747396336441419,0.0347658,0.00072795,0.0190196
1747396336441426,0.0390878,0.000467827,0.0110478
1747396336441438,0.0356642,0.000180828,0.0175429
1747396336441442,0.0342113,0.000989173,0.0199354
1747396336441508,0.0350239,0.000748068,0.0184679
1747396336441646,0.0399016,0.000491653,0.0101456
1747396336441648,0.0353664,0.00045157,0.0180276
1747396336442233,0.0415168,3.30064e-05,0.00749423
1747396336442373,0.0404896,7.20782e-05,0.0092217
1747396336442480,0.0411271,9.10792e-05,0.0081305
1747396336442714,0.0408034,3.96017e-05,0.00869577
1747396336442829,0.0414781,4.72501e-05,0.00755464
1747396336442920,0.0443745,0.000175966,0.00386008
1747396336443199,0.0408968,9.07476e-05,0.00851997
1747396336443253,0.04183,9.19708e-05,0.00695782
1747396336443296,0.0414023,0.000269346,0.00767517
1747396336443298,0.0410268,0.000248841,0.00831756
1747396336443329,0.0408466,0.000236568,0.00862983
1747396336443419,0.0421397,0.000155157,0.00643342
1747396336443464,0.0417232,0.000314726,0.00712548
1747396336443468,0.0421743,0.000142205,0.00638001
1747396336443617,0.040444,-2.28402e-05,0.00901684
1747396336443679,0.0383301,0.000215743,0.0131626
1747396336443791,0.0415194,0.000309221,0.00746695
1747396336443861,0.0415978,0.000277504,0.00734485
1747396336443901,0.0420479,0.000302156,0.00802623
1747396336443967,0.0426974,0.000305696,0.00674953
1747396336444110,0.0413136,0.000134544,0.0078663
1747396336444133,0.041528,0.00013414,0.00750371
1747396336444149,0.0378884,0.000248231,0.0139849
1747396336444282,0.0420136,0.000319074,0.00808811
1747396336444354,0.0404289,0.000154394,0.00938296
1747396336444473,0.0435763,0.000240067,0.00545282
1747396336444533,0.0414421,0.0002533,0.00761287
1747396336444564,0.038774,0.000186425,0.0123476
1747396336444619,0.0411236,0.000139828,0.00798044
1747396336444633,0.0350463,0.000975363,0.0186422
1747396336444779,0.0378114,0.000594537,0.0135023
1747396336444887,0.037954,0.000220182,0.0138762
1747396336444908,0.0357288,0.000652191,0.0175113
1747396336444929,0.0400487,0.000506288,0.00958125
1747396336444939,0.0411936,0.000181985,0.00805513
1747396336444939,0.0415204,0.000221965,0.00749052
1747396336444942,0.0414814,-1.89787e-05,0.00752289
1747396336444943,0.0365567,0.000484914,0.0159754
1747396336444944,0.0359547,0.000408416,0.0172547
1747396336444977,0.0351613,0.0011382,0.0182648
1747396336444994,0.0410182,0.000167747,0.00835895
1747396336445006,0.0408024,0.000254465,0.00869959
1747396336445018,0.0360759,0.00063334,0.0168213
1747396336445027,0.0354757,0.000562088,0.018116
1747396336445037,0.0350585,0.00111414,0.018496
1747396336445053,0.0388325,0.000162025,0.0122518
1747396336445100,0.0398741,0.000497864,0.00988227
1747396336445178,0.0353915,0.000740188,0.018132
1747396336445184,0.0352898,0.00122612,0.0179329
1747396336445196,0.0350506,0.00104517,0.0185718
1747396336445224,0.0416839,-7.22668e-07,0.00718331
1747396336445234,0.0416362,0.000262024,0.0072849
1747396336445249,0.0357185,0.000517538,0.0176488
1747396336445279,0.034966,0.000803377,0.0189691
1747396336445296,0.0355573,0.000523929,0.0179794
1747396336445320,0.0380131,0.000582918,0.0131372
1747396336445338,0.0353097,0.000849566,0.0182058
1747396336445398,0.0444391,0.000207748,0.00378857
1747396336445402,0.0348681,0.00113328,0.0188731
1747396336445459,0.0369471,0.000987912,0.0148797
1747396336445491,0.0418287,3.874e-05,0.00701706
1747396336445517,0.0353265,0.000985557,0.0180549
1747396336445524,0.0348655,0.00106248,0.0189418
1747396336445547,0.0351351,0.00079193,0.018622
1747396336445570,0.0379677,0.000762279,0.0131225
1747396336445654,0.0350702,0.00118219,0.0184144
1747396336445689,0.0348744,0.00120323,0.0187989
1747396336445752,0.0352229,0.000890863,0.0183496
1747396336445760,0.0407275,8.94672e-05,0.00888613
1747396336445797,0.0395396,0.000476916,0.0104671
1747396336445860,0.0356563,0.000757168,0.0175715
1747396336445927,0.0347735,0.00110705,0.0190943
1747396336446018,0.0427241,0.000135303,0.00554215
1747396336446024,0.042292,0.000115997,0.00625104
1747396336446153,0.0407338,0.000536893,0.00864321
1747396336446219,0.0415785,0.000154417,0.00743405
1747396336446266,0.0355852,0.00116031,0.017393
1747396336446274,0.0375453,0.000954637,0.0137892
1747396336446287,0.0403657,0.000295846,0.00956005
1747396336446335,0.041871,0.000480165,0.00676211
1747396336446354,0.0361529,0.000572192,0.0171936
1747396336446376,0.0358554,0.000856633,0.0175742
1747396336446456,0.0362423,0.000600589,0.0169834
1747396336446474,0.0384214,0.000327892,0.0131148
1747396336446490,0.0359543,0.000881825,0.0173482
1747396336446535,0.0401715,0.000378193,0.00987137
1747396336446540,0.0347801,0.000962174,0.0192141
1747396336446571,0.0403417,0.000389482,0.00956603
1747396336446621,0.0361388,0.000866764,0.0169808
1747396336446669,0.0419406,0.000317536,0.00684515
1747396336446675,0.0396365,5.05254e-05,0.0108352
1747396336446694,0.0361974,0.000765546,0.0169415
1747396336446782,0.0400038,7.3792e-05,0.0101714
1747396336446819,0.0421428,0.000321248,0.00650706
1747396336446824,0.0406106,0.000359564,0.00910548
1747396336446899,0.0406502,7.72069e-05,0.00903952
1747396336446904,0.0411498,0.000143548,0.00816072
1747396336446920,0.0357721,0.000896803,0.017714
1747396336446963,0.0359377,0.000817071,0.017436
1747396336446978,0.0418309,0.000363239,0.00701673
1747396336447073,0.0421081,0.000335614,0.00656107
1747396336447167,0.0416438,0.000216255,0.00718884
1747396336447169,0.0419045,0.000332527,0.00690164
1747396336447228,0.0413654,0.000297619,0.00782286
1747396336447231,0.0410071,0.0002774,0.00844513
1747396336447239,0.042177,0.000307111,0.0064537
1747396336447256,0.0400062,0.000365563,0.0101708
1747396336447280,0.0417438,0.000312335,0.00717708
1747396336447288,0.0409212,0.000313223,0.00858156
1747396336447455,0.0423739,0.000226862,0.00614676
1747396336447754,0.0418472,0.00018512,0.00703856
1747396336447821,0.0419763,0.000302783,0.00678934
1747396336447859,0.0390339,0.000218336,0.012017
1747396336448599,0.042325,5.51046e-05,0.00625231
1747396336448667,0.0412693,0.000238425,0.00928562
1747396336448706,0.0441243,0.000208801,0.00444079
1747396336448782,0.0421183,4.06286e-05,0.00659764
1747396336449417,0.0412414,0.000492645,0.00808535
1747396336449470,0.041887,0.000297176,0.00703573
1747396336449479,0.0408305,0.000420235,0.00882721
1747396336449503,0.0414877,-4.08939e-05,0.00757421
1747396336449516,0.0382718,0.000533855,0.0135155
1747396336449532,0.040308,0.000246272,0.0104449
1747396336449540,0.0431025,0.000294131,0.00500569
1747396336449733,0.0342372,5.63672e-06,0.0198727
1747396336449736,0.0417103,0.000289111,0.00734061
1747396336449817,0.0420685,0.00030391,0.00672536
1747396336449858,0.041098,-8.27362e-05,0.0082401
1747396336449864,0.0420869,0.000380995,0.00667357
1747396336449888,0.0425198,0.000367762,0.00595149
1747396336450018,0.0410038,0.000427623,0.00852033
1747396336450037,0.0414791,-7.63156e-05,0.00758734
1747396336450091,0.0410803,0.000603163,0.0083709
1747396336450292,0.0411031,0.000284846,0.00961912
1747396336450301,0.0440082,0.000226739,0.00472414
1747396336450391,0.0355683,0.000729501,0.0180442
1747396336450397,0.0424145,0.000326551,0.00613707
1747396336450530,0.0399905,0.000450681,0.00985182
1747396336450607,0.0410544,0.000489875,0.00841076
1747396336450608,0.0426297,0.00050142,0.00576092
1747396336450630,0.0411393,0.000661353,0.00824871
1747396336450650,0.0406599,0.000464945,0.00916444
1747396336450670,0.042407,0.000427805,0.00614992
1747396336450696,0.0360477,0.000435027,0.017299
1747396336450814,0.0412316,0.000369473,0.00818534
1747396336450831,0.0415996,0.000368564,0.00754335
1747396336450929,0.038546,0.000588672,0.0130588
1747396336450948,0.0425442,0.000452521,0.00591432
1747396336450962,0.0411655,0.000563926,0.00823507
1747396336451001,0.0429353,0.00024832,0.00526435
1747396336451018,0.0397538,2.9062e-05,0.0107293
1747396336451049,0.0419919,0.000316022,0.00682194
1747396336451173,0.0359694,0.000471233,0.0174309
1747396336451196,0.0425817,0.000460322,0.00583504
1747396336451227,0.0423333,0.000481585,0.00624339
1747396336451228,0.0388847,0.000387917,0.0124472
1747396336451283,0.0358902,0.000507984,0.0175643
1747396336451295,0.0400118,0.000525252,0.00978609
1747396336451303,0.035897,0.00057517,0.0174924
1747396336451308,0.0382172,0.000621747,0.0136075
1747396336451388,0.0411825,0.000641274,0.00818019
1747396336451415,0.0425983,0.000515604,0.00580979
1747396336451434,0.0344903,0.000263629,0.0195259
1747396336451463,0.0396269,0.000456591,0.00996972
1747396336451481,0.0419227,0.000201758,0.00692946
1747396336451494,0.0424943,0.000154474,0.00598932
1747396336451549,0.0391907,0.000208879,0.0107983
1747396336451620,0.0409254,0.000504847,0.00864602
1747396336451636,0.0350639,0.000363818,0.0182644
1747396336452189,0.0391505,0.000485165,0.0120587
1747396336452223,0.0390387,0.000537916,0.0122457
1747396336452253,0.0427416,0.00038393,0.0056555
1747396336452360,0.0427682,0.000458097,0.00559419
1747396336452401,0.0383083,0.000813562,0.0135149
1747396336452573,0.0383098,0.000736007,0.0135595
1747396336452581,0.0389146,0.000520883,0.012497
1747396336452582,0.0415606,0.000326484,0.0076953
1747396336452606,0.0427123,0.000396836,0.0057015
1747396336452661,0.0411696,0.000502112,0.00832437
1747396336452677,0.0384968,0.00064522,0.0132446
1747396336452709,0.0409568,0.000516972,0.00869644
1747396336452740,0.0428842,0.000406322,0.00541228
1747396336452765,0.0424834,0.00032953,0.00610352
1747396336452778,0.0408696,0.000557155,0.00883719
1747396336452795,0.0429368,0.000298985,0.00534832
1747396336452830,0.0437417,0.000289734,0.0040241
1747396336452858,0.0425918,0.000450527,0.00589113
1747396336452864,0.043295,0.00031206,0.00475127
1747396336452882,0.0392772,0.000501758,0.0118054
1747396336452894,0.0384352,0.000675026,0.0133483
1747396336452962,0.0386805,0.000632677,0.01289
1747396336453001,0.0429123,0.000393881,0.00536817
1747396336453004,0.0417948,0.00030399,0.00729331
1747396336453094,0.0428558,0.000418961,0.00545693
1747396336453174,0.0413843,0.000487204,0.00795158
1747396336453228,0.0424624,0.000325035,0.00611475
1747396336453240,0.0385593,0.000691151,0.0130935
1747396336453279,0.0381815,0.000798865,0.0137757
1747396336453354,0.0417653,-2.69472e-05,0.00725954
1747396336453387,0.0400495,0.000303317,0.0103703
1747396336453397,0.0410458,0.000451907,0.00842406
1747396336453402,0.0421606,8.51499e-06,0.00658681
1747396336453486,0.0428635,0.000278639,0.00539533
1747396336453490,0.0412811,0.000619259,0.00808945
1747396336453565,0.0422096,0.000380621,0.00645817
1747396336453595,0.0392381,0.00020947,0.0118249
1747396336453633,0.0384505,0.000467309,0.0131699
1747396336453740,0.0404202,0.000472715,0.00951687
1747396336453911,0.0360871,9.848e-05,0.0171084
1747396336453920,0.0420182,0.00021862,0.00683703
1747396336454062,0.0403988,0.000177393,0.00961508
1747396336454094,0.0380498,0.000723118,0.0140457
1747396336454108,0.0358379,0.000131983,0.0175859
1747396336454159,0.042965,0.000398981,0.0052667
1747396336454202,0.0388396,0.000439317,0.0126215
1747396336454218,0.0381712,0.000769206,0.0136859
1747396336454228,0.0418695,0.000150554,0.00701249
1747396336454239,0.0413356,0.000656623,0.00791003
1747396336454405,0.0409484,0.000477886,0.00870954
1747396336454434,0.0422789,0.000399843,0.00637257
1747396336454493,0.0389588,0.000469007,0.012325
1747396336454527,0.0394771,0.000379704,0.0113811
1747396336454571,0.0421716,0.000413171,0.00654108
1747396336454591,0.0417625,0.000341282,0.00725843
1747396336454657,0.0420686,0.000458675,0.00670303
1747396336454663,0.0361652,6.54726e-05,0.0169778
1747396336454693,0.0391459,0.000477495,0.0119293
1747396336454693,0.0410208,0.000504322,0.00849407
1747396336454931,0.0420698,0.000268188,0.00675607
1747396336454990,0.0385577,0.000615859,0.013142
1747396336455012,0.0426774,0.000499139,0.0057366
1747396336455025,0.0454733,0.000116708,0.00163765
1747396336455054,0.0411279,0.000521202,0.00839144
1747396336455156,0.0427978,0.000444845,0.00554787
1747396336455160,0.0415651,0.000140869,0.00763183
1747396336455163,0.0420534,0.000204545,0.0067814
1747396336455176,0.0414846,0.00052524,0.00776409
1747396336455190,0.0415953,0.000214501,0.00755768
1747396336455192,0.0392206,0.000105932,0.0118526
1747396336455332,0.0415368,0.000509036,0.00765364
1747396336455364,0.036804,0.000197978,0.015812
1747396336455426,0.0419643,0.000248492,0.00697174
1747396336455484,0.0426611,0.000444378,0.00576171
1747396336455642,0.0411613,0.000464474,0.00833735
1747396336455661,0.0381151,0.000691505,0.0139355
1747396336455786,0.0421337,0.000241314,0.00657552
1747396336455822,0.0425212,0.000450272,0.00600195
1747396336456029,0.0430645,0.000172568,0.00515596
1747396336456030,0.0409755,0.000567254,0.00853693
1747396336456046,0.0412917,0.000510524,0.00800593
1747396336456091,0.04188,0.000507219,0.00699943
1747396336456132,0.0421966,0.000589588,0.00640343
1747396336456135,0.042446,0.000266302,0.00621578
1747396336456149,0.0421675,0.000301139,0.0066825
1747396336456168,0.0424484,0.000320231,0.00611497
1747396336456209,0.0432358,0.000414009,0.00487152
1747396336456242,0.0407989,0.000709257,0.00874892
1747396336456279,0.0428658,0.000502124,0.00542238
1747396336456281,0.0429771,0.000354002,0.00531409
1747396336456311,0.0415931,0.000560452,0.00756473
1747396336456355,0.042455,0.000425969,0.00612745
1747396336456420,0.0414449,0.00054346,0.00782759
1747396336456454,0.0426225,0.000436787,0.00584286
1747396336456458,0.0423273,0.000398156,0.00635078
1747396336456473,0.0395423,0.000378288,0.0113633
1747396336456557,0.041691,0.000644395,0.00723764
1747396336456570,0.042615,0.000527613,0.00583453
1747396336456598,0.0423669,0.000318823,0.00631925
1747396336456624,0.0423587,0.000336381,0.00627809
1747396336456656,0.0414825,0.000470323,0.00783138
1747396336456658,0.0429415,0.000486451,0.00535189
1747396336456661,0.0424552,8.99686e-05,0.00610204
1747396336456699,0.0409773,0.000450137,0.00876469
1747396336456807,0.0408449,0.000687807,0.00867608
1747396336456843,0.0418037,0.000166131,0.00710665
1747396336456903,0.0419427,0.000617024,0.00682086
1747396336456904,0.0400005,0.000579642,0.0102178
1747396336457023,0.0409936,0.00070498,0.00841229
1747396336457043,0.040657,0.000689729,0.0090039
1747396336457054,0.0394933,0.000290196,0.011494
1747396336457189,0.0431876,0.000330825,0.00491892
1747396336457231,0.0414825,0.000652628,0.00758913
1747396336457335,0.0386227,0.000633131,0.013089
1747396336457367,0.0410853,0.000583238,0.00843071
1747396336457373,0.0403934,0.000256319,0.0098499
1747396336457441,0.0377191,0.00080257,0.0144312
1747396336457449,0.0451286,0.000192022,0.00261793
1747396336457500,0.0428087,0.000172836,0.00554811
1747396336457550,0.0406097,0.000711814,0.00907907
1747396336457588,0.038397,0.000475968,0.013306
1747396336457626,0.0416077,0.000576434,0.00760451
1747396336457631,0.0416383,0.000523898,0.00755499
1747396336457648,0.0427718,0.00032775,0.0056575
1747396336457677,0.0385615,0.00066262,0.0131925
1747396336457688,0.0417612,0.00023361,0.0073818
1747396336457689,0.042725,0.000496868,0.00571239
1747396336457723,0.0389188,0.000510163,0.0125439
1747396336457755,0.0428041,0.000308805,0.005586
1747396336457824,0.0424069,4.2533e-05,0.00617742
1747396336457835,0.038994,0.000590515,0.0124185
1747396336457836,0.0431835,0.000252232,0.0061614
1747396336457892,0.0426996,0.000421385,0.00577247
1747396336457892,0.0431085,0.00041106,0.00508923
1747396336457969,0.0407037,0.000667989,0.00892966
1747396336458032,0.0429986,0.000460515,0.00526216
1747396336458151,0.0385705,0.000719109,0.013178
1747396336458223,0.0440565,0.00023379,0.00446622
1747396336458282,0.040759,3.46013e-05,0.00900952
1747396336458293,0.0405282,0.000449937,0.00941835
1747396336458438,0.0433057,0.000400407,0.00480664
1747396336458566,0.042553,0.000391372,0.0060035
1747396336458672,0.0423996,0.000537694,0.00619351
1747396336458733,0.0423914,0.000322783,0.00630306
1747396336458828,0.03837,0.000303896,0.013349
1747396336458881,0.0420361,0.000486106,0.00695277
1747396336459019,0.0381815,0.000798865,0.0137757
1747396336459095,0.0424864,0.000412,0.00607794
1747396336459130,0.0422622,0.000427126,0.00645385
1747396336459226,0.0425855,6.7458e-05,0.00587634
1747396336459304,0.0433165,0.000247891,0.00583411
1747396336459341,0.0384968,0.00064522,0.0132446
1747396336459377,0.0413657,0.000357682,0.00804592
1747396336459410,0.0421737,3.67614e-05,0.00664614
1747396336459478,0.0429574,0.000392067,0.00534548
1747396336459494,0.042709,0.00025238,0.00572591
1747396336459584,0.0426145,0.000408885,0.00585518
1747396336459585,0.0381795,0.000660368,0.0138265
1747396336459592,0.042026,0.000235537,0.00684919
1747396336459663,0.0424244,0.000493677,0.00615423
1747396336459696,0.0434037,0.000218131,0.00466786
1747396336459798,0.0426482,0.00021417,0.00572946
1747396336459825,0.0429075,0.00028309,0.00547188
1747396336459826,0.0415803,0.000200227,0.00751903
1747396336459835,0.0430638,0.000420445,0.00520655
1747396336460006,0.0414908,0.000505933,0.00781837
1747396336460084,0.0425488,0.000339149,0.00603141
1747396336460086,0.0413421,0.000448853,0.00808496
1747396336460166,0.0430717,0.000445717,0.00519427
1747396336460259,0.0419283,0.000535857,0.00712611
1747396336460261,0.0389308,0.000535939,0.0126236
1747396336460350,0.0431721,0.000281832,0.00494261
1747396336460440,0.0421586,0.000515447,0.00673223
1747396336460444,0.0383207,0.000765195,0.013648
1747396336460468,0.0408092,0.000370781,0.00896388
1747396336460577,0.0426836,0.000403434,0.00572602
1747396336460621,0.0424557,4.18403e-05,0.00615385
1747396336460634,0.0421835,0.000314084,0.00671455
1747396336460646,0.0422166,0.000299761,0.00666124
1747396336460653,0.042588,0.000308864,0.0060217
1747396336460686,0.0429985,0.000274433,0.00532774
1747396336460738,0.0395592,0.000288889,0.0114755
1747396336460746,0.041805,0.000470027,0.00734957
1747396336460746,0.0413679,0.000295502,0.00813766
1747396336460879,0.0425004,0.000163502,0.00618208
1747396336460879,0.0422461,0.000268553,0.00658979
1747396336460881,0.0427575,0.000228391,0.00572976
1747396336460928,0.0395318,0.000463721,0.0115234
1747396336460932,0.0417299,0.000504319,0.00747068
1747396336460988,0.0419565,0.000486402,0.00708043
1747396336461070,0.0432279,0.000180597,0.00494511
1747396336461127,0.0412846,0.000393096,0.00817677
1747396336461233,0.0411504,0.000367576,0.00842225
1747396336461306,0.0413826,0.000288418,0.00795219
1747396336461329,0.0404003,0.000376528,0.00965792
1747396336461426,0.0423215,0.000288848,0.00649288
1747396336461634,0.0429587,0.000126436,0.00532165
1747396336462141,0.0438889,0.00024023,0.00389639
1747396336462256,0.0432102,0.000260422,0.00502017
1747396336462264,0.0430082,0.000258345,0.00536079
1747396336462283,0.0410026,0.000415366,0.00876359
1747396336462306,0.0435349,0.000212191,0.00448674
1747396336462314,0.0415839,0.000486118,0.00773304
1747396336462330,0.0431314,0.000293673,0.00514567
1747396336462363,0.0431293,0.000334265,0.00510228
1747396336462420,0.0422169,0.000249614,0.00671798
1747396336462438,0.0370996,0.00110059,0.0140276
1747396336462444,0.0424942,0.000217355,0.00624711
1747396336462463,0.000884427,0.022109,0.0731775
1747396336462486,0.0131124,0.0152879,0.0503341
1747396336462513,0.0383696,0.000846371,0.0119241
1747396336462526,0.0156253,0.0124808,0.0486261
1747396336462531,-0.00115736,0.0235422,0.0764671
1747396336462542,0.0376765,0.000836902,0.0131419
1747396336462587,0.0371155,0.00125667,0.0139142
1747396336462588,0.0431661,0.000192743,0.00510839
1747396336462605,2.87293e-05,0.0227414,0.0743138
1747396336462610,0.0381899,0.00109446,0.0121195
1747396336462610,0.00153734,0.0216531,0.0721256
1747396336462612,0.0426787,0.000224863,0.00592862
1747396336462628,0.0377208,0.00122631,0.0128674
1747396336462634,0.000537798,0.0224228,0.073258
1747396336462638,0.0345154,0.00112297,0.0189544
1747396336462657,0.0236102,0.00800561,0.0352718
1747396336462680,0.0320904,0.00278751,0.0224232
1747396336462764,0.0430912,0.000408186,0.00516319
1747396336462770,0.041173,0.000422631,0.00845567
1747396336462801,0.0407477,0.00044686,0.00921206
1747396336462854,0.038206,0.000838442,0.012211
1747396336462864,0.00202012,0.0213544,0.0711157
1747396336462881,0.0415449,0.000504011,0.00779626
1747396336462913,0.0374639,0.0012612,0.0132977
1747396336462927,0.0380385,0.000995949,0.0124263
1747396336462961,0.0370292,0.000974263,0.0142267
1747396336462968,0.0408808,0.000387115,0.0089939
1747396336463036,0.0409134,0.000264282,0.00901278
1747396336463049,0.000217909,0.0225757,0.0742514
1747396336463078,0.0187648,0.0108826,0.0429513
1747396336463095,0.0422348,0.000287618,0.0064727
1747396336463097,0.0386182,0.000242152,0.0129895
1747396336463126,-0.00209153,0.0241541,0.0784838
1747396336463157,0.0371811,0.0011438,0.0138582
1747396336463180,-0.000462567,0.0230533,0.0753478
1747396336463207,0.0371926,0.00122058,0.0137965
1747396336463219,0.0347902,0.000922192,0.0185723
1747396336463240,0.0370525,0.00137002,0.0139658
1747396336463247,0.0392775,0.000429781,0.0120364
1747396336463250,0.0392228,0.00045554,0.0121292
1747396336463270,0.0428252,0.000353406,0.00562336
1747396336463274,0.0431714,0.000372558,0.00503627
1747396336463298,0.0372468,0.000953167,0.013846
1747396336463333,0.0374962,0.0013314,0.0132069
1747396336463336,0.0227712,0.0085097,0.036578
1747396336463339,0.0406042,0.000241243,0.00917801
1747396336463354,0.00121236,0.0219542,0.0721782
1747396336463415,0.0204906,0.0109864,0.0387691
1747396336463430,0.0373474,0.000601313,0.0138687
1747396336463453,0.036878,0.00136844,0.0142765
1747396336463469,0.0434311,0.000292812,0.00471405
1747396336463483,-0.000707582,0.0231712,0.0762396
1747396336463509,0.0435832,0.000311488,0.00445408
1747396336463553,0.0371734,0.000986765,0.013959
1747396336463644,0.0414367,0.000287081,0.00793095
1747396336463687,0.0417875,0.000415611,0.00746648
1747396336463748,0.0377585,0.00112437,0.0128511
1747396336463763,0.042609,0.000139665,0.00598639
1747396336463769,0.0360311,0.00160644,0.015668
1747396336463793,0.0429946,0.000158446,0.00533269
1747396336463830,0.0367093,0.00136507,0.0145803
1747396336463830,0.0384575,0.000972362,0.0117161
1747396336463841,0.000884427,0.022109,0.0731775
1747396336463863,0.0365062,6.44511e-05,0.0166013
1747396336463934,0.0247921,0.00872598,0.0319983
1747396336463959,0.0393616,0.000496897,0.0119477
1747396336464011,0.0422769,0.000481871,0.00659968
1747396336464043,0.0410944,0.000159742,0.00844132
1747396336464055,0.0422688,0.000451056,0.00661229
1747396336464090,0.00153734,0.0216531,0.0721256
1747396336464124,0.00251957,0.0210495,0.0700855
1747396336464255,0.00137012,0.0218059,0.0721596
1747396336464276,0.005407,0.01917,0.0650406
1747396336464278,0.0378298,0.0010915,0.0127429
1747396336464338,0.0418489,0.000434449,0.00734037
1747396336464340,-0.00115736,0.0235422,0.0764671
1747396336464363,0.0392427,0.000497015,0.0121493
1747396336464365,0.0204719,0.00982514,0.0402857
1747396336464370,0.038302,0.00121551,0.0118753
1747396336464472,0.0419573,0.00038574,0.00716443
1747396336464490,0.0373074,9.9967e-05,0.0149857
1747396336464518,0.0428949,0.000348467,0.00549249
1747396336464552,0.0413886,0.000410452,0.00807635
1747396336464697,0.0432861,0.000162604,0.0048353
1747396336464697,0.042744,0.000296121,0.0057519
1747396336464761,0.0416376,0.000462227,0.00780408
1747396336464989,0.0421556,0.000402481,0.00687773
1747396336465008,0.0434585,0.000340023,0.00465309
1747396336465032,0.0427531,0.000279344,0.00578864
1747396336465052,0.0419808,0.000433293,0.00718817
1747396336465086,0.0366358,0.000267947,0.0161478
1747396336465137,0.0431792,0.00039727,0.00502422
1747396336465284,0.0421676,0.000250865,0.00673931
1747396336465285,0.0418132,0.000503737,0.00733677
1747396336465288,0.0425382,0.000180738,0.00612178
1747396336465304,0.0433135,0.000424124,0.0047945
1747396336465321,0.0395843,0.000367173,0.0106002
1747396336465339,0.0457932,0.000170935,0.00149583
1747396336465346,0.0387637,0.000657983,0.0129539
1747396336465441,0.0406553,7.40786e-05,0.00885931
1747396336465497,0.042478,0.000337418,0.00621969
1747396336465499,0.0433057,0.000400407,0.00480664
1747396336465558,0.0360261,0.000243632,0.0174032
1747396336465660,0.0364234,0.0001414,0.0166736
1747396336465682,0.041082,0.000356816,0.0080466
1747396336465771,0.0417983,0.000558673,0.00706939
1747396336465808,0.0361823,0.000174941,0.0171391
1747396336465839,0.043202,0.00028092,0.00508025
1747396336465848,0.042913,0.000229802,0.0055828
1747396336465858,0.0420079,0.000552213,0.00671898
1747396336465967,0.0436639,0.000387875,0.0043098
1747396336465991,0.0417948,0.000396182,0.00751809
1747396336466009,0.0395129,0.000587572,0.0117443
1747396336466065,0.0432434,0.000319604,0.0050145
1747396336466065,0.0393281,0.000600256,0.0121027
1747396336466106,0.0361046,0.000209025,0.0172704
1747396336466163,0.0407868,0.000586251,0.00879729
1747396336466171,0.0467412,0.00020556,0.0480888
1747396336466255,0.0434662,0.000363262,0.00464113
1747396336466265,0.0374547,0.000789214,0.0149245
1747396336466267,0.0423752,8.22372e-05,0.00630382
1747396336466276,0.0414737,0.000618173,0.00760246
1747396336466340,0.0404655,0.000648685,0.00933911
1747396336466366,0.0435349,0.000212191,0.00448674
1747396336466436,0.0428121,0.000335797,0.00557368
1747396336466554,0.0423135,0.000346271,0.00656307
1747396336466590,0.0418361,0.000541672,0.00701038
1747396336466640,0.0417484,0.000494297,0.00717169
1747396336467018,0.0440486,0.000257715,0.00368301
1747396336467071,0.0422769,0.000481871,0.00659968
1747396336467149,0.0419712,0.000568764,0.00677612
1747396336467153,0.0393153,0.000575158,0.012027
1747396336467211,0.0431639,0.000109308,0.00509226
1747396336467251,0.0429207,0.000256948,0.00557078
1747396336467253,0.043357,0.000422001,0.0047706
1747396336467321,0.0432333,0.000334719,0.00498417
1747396336467370,0.0404168,0.000671107,0.0094166
1747396336467401,0.0424816,0.000520307,0.00611751
1747396336467439,0.0432588,0.000323581,0.00494351
1747396336467575,0.0406007,0.000671513,0.00909278
1747396336467645,0.041419,0.000578637,0.00793434
1747396336467739,0.0434597,0.000259562,0.00465048
1747396336467802,0.043068,0.00010396,0.00531245
1747396336467878,0.0434251,0.000408549,0.00470711
1747396336468030,0.0423262,0.000479894,0.00657729
1747396336468097,0.0423934,0.000177279,0.00646539
1747396336468191,0.043918,0.000275261,0.00390493
1747396336468247,0.0431716,0.000134727,0.00508024
1747396336468276,0.0437089,0.000367588,0.00423817
1747396336468334,0.0436092,0.00026473,0.00445529
1747396336468411,0.0413901,0.000494866,0.00824031
1747396336468412,0.0394587,0.000614017,0.0118368
1747396336468505,0.0421715,0.000466275,0.00685253
1747396336468623,0.0401055,0.00015688,0.0105281
1747396336468651,0.0425331,0.00028817,0.00631915
1747396336468679,0.0424325,0.000417356,0.00646115
1747396336468809,0.0435861,0.000352715,0.00449321
1747396336468857,0.0430011,0.000277184,0.00551218
1747396336469009,0.0431866,0.000230554,0.00510448
1747396336469092,0.0400468,0.000230453,0.0107527
1747396336469113,0.0429562,0.000399612,0.005445
1747396336469170,0.0407623,0.000213404,0.00948329
1747396336469200,0.0416145,0.000410938,0.00777547
1747396336469271,0.0420435,0.000468116,0.00700025
1747396336469367,0.0412515,0.000305077,0.0083567
1747396336469416,0.0426479,0.000283164,0.00592592
1747396336469450,0.0435678,0.000233864,0.00449473
1747396336469576,0.043155,0.00030037,0.00517482
1747396336469593,0.0431808,0.000289159,0.00513335
1747396336469643,0.0404193,0.000365967,0.0101715
1747396336469706,0.0436865,0.00037765,0.00427377
1747396336469821,0.0435448,0.000354486,0.00451574
1747396336469822,0.043523,0.000152452,0.00465474
1747396336469860,0.0416383,0.000523898,0.00755499
1747396336469914,0.0411768,0.000318816,0.00854899
1747396336469929,0.0384375,0.00064586,0.0134491
1747396336469940,0.0396248,0.000287585,0.0114571
1747396336469950,0.0399686,0.00047447,0.0110174
1747396336470073,0.0403887,0.000256195,0.0101381
1747396336470091,0.0432942,0.000297525,0.00493293
1747396336470320,0.0402599,9.28771e-05,0.00936432
1747396336470396,0.0424948,0.000395168,0.0061174
1747396336470508,0.0433295,0.00027156,0.00492247
1747396336470527,0.0408747,0.00053599,0.00890061
1747396336470588,0.0398855,0.000303653,0.0111571
1747396336470686,0.0436123,0.000305658,0.00449438
1747396336470714,0.0384994,0.000616024,0.0133442
1747396336470741,0.0390793,0.000467178,0.0127672
1747396336470746,0.0396244,0.000509214,0.011648
1747396336470822,0.0434012,0.00032283,0.00480763
1747396336470865,0.0435321,0.000350788,0.0045799
1747396336470876,0.0422135,0.000432644,0.00684337
1747396336470926,0.0426796,0.000259963,0.00611143
1747396336471025,0.0431813,0.00035753,0.00506699
1747396336471111,0.0399863,0.000440159,0.0109466
1747396336471132,0.0398817,0.000546144,0.0112587
1747396336471230,0.0411455,0.000310264,0.00884106
1747396336471231,0.0437275,0.000375667,0.00425034
1747396336471240,0.0436315,0.000332363,0.00442021
1747396336471321,0.0425125,0.000401021,0.00638724
1747396336471410,0.0440751,0.00029904,0.0037178
1747396336471415,0.0404338,0.000386139,0.0102318
1747396336471493,0.0431411,0.000254311,0.00529402
1747396336471504,0.0431674,0.000243087,0.00525123
1747396336471520,0.041022,0.00025019,0.00909063
1747396336471609,0.0436574,0.000208656,0.00442067
1747396336471639,0.0440678,0.000279326,0.00372934
1747396336472036,0.0411151,0.000379118,0.00878657
1747396336472338,0.0425539,0.000292785,0.00622939
1747396336472423,0.0436639,0.000387875,0.0043098
1747396336472476,0.0420589,0.000434014,0.0070609
1747396336472476,0.0410326,0.000417334,0.00892408
1747396336472601,0.0421372,0.00048224,0.00690858
1747396336472694,0.0435751,0.000256775,0.00448338
1747396336472938,0.0425798,0.000363774,0.00616543
1747396336472939,0.0416376,0.000462227,0.00780408
1747396336473173,0.0448769,0.000240151,0.00243014
1747396336473258,0.0433015,8.81264e-05,0.00496577
1747396336473263,0.0440824,0.000318664,0.00370626
1747396336473314,0.0428877,0.000253233,0.00574851
1747396336473521,0.0423294,0.000400254,0.0067122
1747396336473525,0.0423372,0.000431554,0.00669975
1747396336473586,0.0401159,0.000510155,0.0108158
1747396336473591,0.0431866,0.000230554,0.00510448
1747396336473697,0.0435111,0.000121691,0.00461132
1747396336473718,0.0401192,0.000176715,0.0105911
1747396336473726,0.0423859,0.0004298,0.00667857
1747396336473762,0.0431108,0.000149597,0.00534227
1747396336473811,0.0424275,0.000292777,0.00663289
1747396336473829,0.0432146,0.000108002,0.00517322
1747396336473838,0.0442119,0.000150075,0.00348329
1747396336473857,0.0441133,0.000297388,0.00369519
1747396336473914,0.0422087,0.00042886,0.00699801
1747396336474009,0.0440823,0.000334165,0.00374549
1747396336474120,0.0405477,0.00040798,0.010122
1747396336474308,0.0435018,0.000258137,0.00462755
1747396336474504,0.0431112,0.00012963,0.0051761
1747396336474529,0.0423559,0.0003397,0.00669272
1747396336474555,0.0427601,0.000320971,0.00598004
1747396336474564,0.0426728,0.000360657,0.00612374
1747396336474578,0.0435211,0.000313393,0.0046595
1747396336474582,0.0426129,0.000388154,0.00622239
1747396336474587,0.0440241,0.000344899,0.00380014
1747396336474616,0.0425899,0.000299391,0.00625907
1747396336474638,0.0427739,0.000303087,0.00593515
1747396336474673,0.0440556,0.000214218,0.00380228
1747396336474809,0.0433522,0.00034464,0.00488669
1747396336474857,0.0403161,0.000292431,0.0104315
1747396336475039,0.043437,0.000256498,0.00485982
1747396336475136,0.0431032,0.000123184,0.00535434
1747396336475208,0.0421052,0.000394173,0.00719646
1747396336475220,0.0443322,0.00030841,0.00332844
1747396336475324,0.0442443,0.00018079,0.00343166
1747396336475341,0.0423954,0.000232107,0.00660188
1747396336475353,0.04212,0.000266761,0.00708147
1747396336475371,0.040275,0.000461648,0.0106308
1747396336475424,0.0404099,0.000474431,0.0103597
1747396336475434,0.0407412,0.000237823,0.00971501
1747396336475472,0.0446298,0.000276182,0.00287066
1747396336475498,0.0431858,0.000206285,0.00522088
1747396336475610,0.0418187,0.000306237,0.00782702
1747396336475689,0.0441069,0.000253239,0.00375906
1747396336475689,0.0440884,0.000261383,0.00378923
1747396336475836,0.0438921,0.000260763,0.00406772
1747396336475848,0.0420012,0.000442964,0.00737042
1747396336475954,0.0417057,0.000476415,0.00782513
1747396336475972,0.0443003,0.000279688,0.00337947
1747396336476115,0.0427843,0.000413303,0.00597333
1747396336476204,0.043397,0.000301924,0.00492575
1747396336476259,0.044132,0.000289065,0.00366478
1747396336476266,0.0434534,0.000243508,0.00550675
1747396336476270,0.0448315,0.000241818,0.00250286
1747396336476304,0.0439669,0.000276188,0.00394663
1747396336476309,0.0416509,0.000321297,0.00804186
1747396336476429,0.0416363,0.000288881,0.00803618
1747396336476504,0.0428597,0.000265406,0.00579435
1747396336476505,0.0434757,0.000252783,0.00473229
1747396336476507,0.042402,0.000276406,0.00757112
1747396336476532,0.042396,0.000217666,0.00662511
1747396336476574,0.0419007,0.00027087,0.00749869
1747396336476652,0.0430745,0.000382865,0.00552595
1747396336476678,0.0438646,0.000159785,0.00406991
1747396336476781,0.0427081,0.000428964,0.00604405
1747396336476788,0.0398817,0.000546144,0.0112587
1747396336476829,0.0443617,0.000288592,0.00331707
1747396336476876,0.0424674,0.000260271,0.00662533
1747396336476966,0.0440438,0.000336014,0.00376846
1747396336477162,0.0442418,0.000334128,0.00343705
1747396336477359,0.04245,0.00039986,0.00657208
1747396336477378,0.0406842,0.000420808,0.00985088
1747396336477470,0.0430359,4.40141e-05,0.00541277
1747396336477610,0.0418295,0.00024685,0.00768292
1747396336477671,0.043078,8.70821e-05,0.00534528
1747396336477750,0.0437901,0.000363741,0.00419181
1747396336477755,0.0404709,0.00047283,0.0103413
1747396336477942,0.0443883,0.000255683,0.00327367
1747396336478030,0.0442169,0.000244264,0.00356528
1747396336478033,0.044688,0.000212402,0.00277618
1747396336478053,0.0441625,0.000268029,0.00365395
1747396336478152,0.0434356,0.000172312,0.00475085
1747396336478165,0.0406752,0.000308528,0.00994839
1747396336478232,0.0434897,0.000198445,0.00480125
1747396336478253,0.0439312,0.000259336,0.00404554
1747396336478302,0.0432871,0.000255051,0.00515378
1747396336478346,0.0407957,0.000473017,0.00970625
1747396336478365,0.0446348,0.000287778,0.0028964
1747396336478392,0.0426195,7.40086e-05,0.00607582
1747396336478451,0.0444548,0.000282523,0.00320196
1747396336478506,0.0446644,0.000274523,0.00284818
1747396336478632,0.0457679,0.000208441,0.0010031
1747396336479027,0.0445774,0.00027978,0.00295536
1747396336479271,0.0401788,0.000508498,0.0107973
1747396336479272,0.0433443,0.000258509,0.00505967
1747396336479349,0.0420396,0.000464599,0.00715411
1747396336479581,0.0403937,0.000382985,0.0103863
1747396336479632,0.0443003,0.000279688,0.00337947
1747396336479664,0.0421933,0.000363794,0.00702303
1747396336479776,0.0446461,0.00015271,0.00284322
1747396336479887,0.0440017,0.000112181,0.00387366
1747396336479896,0.0394506,0.000571686,0.0119903
1747396336479908,0.0442311,0.000282508,0.00354261
1747396336480081,0.044419,0.000284139,0.00322412
1747396336480102,0.0440508,0.000278055,0.00385065
1747396336480155,0.0422214,0.000464405,0.00683078
1747396336480183,0.0428653,0.000337754,0.00573348
1747396336480341,0.0405546,0.000383252,0.0101953
1747396336480343,0.0448903,0.000229359,0.00243922
1747396336480663,0.0438861,0.00031205,0.00407791
1747396336480730,0.0440478,0.000117533,0.00379914
1747396336480996,0.0441211,0.000188436,0.00364301
1747396336481073,0.0428593,0.000397967,0.00590365
1747396336481134,0.0433217,0.00013816,0.00504717
1747396336481314,0.0429888,0.000356971,0.00574192
1747396336481321,0.040802,0.000417798,0.00981429
1747396336481472,0.0436572,0.00018855,0.00450883
1747396336481536,0.0439362,0.000260694,0.00409512
1747396336481595,0.0419201,0.000269003,0.00836489
1747396336481635,0.0431379,0.000342207,0.0054721
1747396336482198,0.0411839,0.000258107,0.0090804
1747396336482271,0.043315,3.01971e-05,0.00503801
1747396336482439,0.0449093,0.000198393,0.00243906
1747396336482445,0.0451007,0.000203518,0.00211954
1747396336482787,0.0436658,0.000219674,0.0045575
1747396336483112,0.0437587,0.000127997,0.00423997
1747396336483256,0.041059,0.000326886,0.00933159
1747396336483289,0.0433161,0.000261288,0.00517496
1747396336483442,0.0451668,0.000232048,0.00207
1747396336483610,0.0446703,0.000246737,0.00287213
1747396336483661,0.0446849,0.000240354,0.00284825
1747396336483714,0.0449578,0.000255889,0.0024226
1747396336483801,0.0450063,0.000234375,0.00234273
1747396336483819,0.044747,0.000264858,0.00278024
1747396336483835,0.0446348,0.000287778,0.0028964
1747396336484082,0.0444053,0.000304857,0.00328292
1747396336484247,0.0446564,0.00021373,0.00289468
1747396336484319,0.0431108,0.000149597,0.00534227
1747396336484386,0.0444532,0.000234834,0.00324044
1747396336484488,0.0442852,0.00027318,0.00349236
1747396336484535,0.044679,0.000268053,0.0028245
1747396336484630,0.0442142,0.000305146,0.0036088
1747396336484744,0.0410251,0.000322888,0.00947127
1747396336484751,0.0441744,0.000255119,0.00367338
1747396336484769,0.0453689,0.000203145,0.00170448
1747396336484884,0.043669,0.000261039,0.00459828
1747396336485124,0.0443574,0.000270245,0.00344971
1747396336485176,0.0450321,0.000148256,0.00222996
1747396336485246,0.0393357,0.00019866,0.0106291
1747396336485264,0.0449123,0.000263177,0.00246575
1747396336485445,0.0428274,0.000367939,0.00609008
1747396336485721,0.0415078,0.000167197,0.00853045
1747396336485722,0.0426159,0.000350018,0.00647063
1747396336485818,0.0432764,0.000315225,0.00534315
1747396336485830,0.0416064,0.000183085,0.00825684
1747396336485931,0.0391571,0.000180015,0.0109385
1747396336485984,0.0428977,0.000271089,0.00597053
1747396336485991,0.0425607,0.000130888,0.00636203
1747396336486023,0.0436696,0.000181423,0.00459634
1747396336486179,0.035548,-1.81838e-05,0.0176105
1747396336486215,0.0418624,0.000269065,0.00782084
1747396336486224,0.0417552,0.000325686,0.00817787
1747396336486253,0.0444418,0.000189911,0.00330901
1747396336486299,0.0445736,0.000217001,0.00307809
1747396336486622,0.0443673,0.000244011,0.00343301
1747396336486637,0.0436941,0.000292874,0.00460271
1747396336486646,0.0430043,0.000273241,0.00584593
1747396336486885,0.044925,0.000257526,0.00244499
1747396336487078,0.0432872,0.000251516,0.00532425
1747396336487269,0.0447273,0.000260136,0.0027791
1747396336487297,0.0411817,0.000418012,0.00916478
1747396336487386,0.0444554,0.000191951,0.00323643
1747396336487414,0.0450279,0.000190509,0.00230686
1747396336487490,0.042711,0.000277352,0.00639215
1747396336487570,0.0451736,0.000245254,0.002059
1747396336487820,0.0443145,0.000252891,0.00348225
1747396336487829,0.0433605,0.000114762,0.0051293
1747396336487905,0.0439475,0.000246844,0.00411862
1747396336487947,0.0430058,0.000368237,0.00576736
1747396336488084,0.0444853,0.000220877,0.00318751
1747396336488152,0.0448082,0.000181451,0.00267876
1747396336488174,0.0446259,0.000174408,0.00299127
1747396336488196,0.0443367,0.000213777,0.00348352
1747396336488254,0.0452154,0.000238905,0.00201903
1747396336488344,0.0433004,0.000151564,0.00518005
1747396336488346,0.0416906,0.000339271,0.00836391
1747396336488356,0.0447967,0.000154119,0.00262107
1747396336488464,0.0450872,0.000138171,0.00216988
1747396336488478,0.0415533,0.000367634,0.00863739
1747396336488558,0.0445117,0.000244162,0.00318058
1747396336488626,0.0443286,0.000152889,0.00336943
1747396336488664,0.0431453,0.000368702,0.00546008
1747396336488700,0.0452086,0.000225833,0.00202999
1747396336488723,0.0451297,0.000170585,0.0021011
1747396336488999,0.0418428,0.000307279,0.00809729
1747396336489006,0.043629,0.000265326,0.00472996
1747396336489017,0.0447748,0.000252425,0.00273444
1747396336489093,0.0454792,0.00017911,0.00157632
1747396336489323,0.04455,0.000199943,0.00304596
1747396336489424,0.0446114,0.000180558,0.00301532
1747396336489545,0.044422,0.000297293,0.00325561
1747396336489669,0.043648,0.000192514,0.00474458
1747396336489716,0.0439302,0.000236683,0.00423397
1747396336489836,0.0452293,0.000216797,0.0019958
1747396336490158,0.0459151,0.000186748,0.000850187
1747396336490185,0.0446214,0.000250132,0.00303474
1747396336490301,0.0437297,0.000203872,0.0043039
1747396336490661,0.0454334,0.00022733,0.00165192
1747396336490818,0.0440767,0.000132238,0.00388786
1747396336490827,0.0446844,0.000235679,0.00296512
1747396336490840,0.04467,0.000242155,0.00298928
1747396336490845,0.0454883,0.000214604,0.00158736
1747396336490918,0.0452665,0.000228267,0.00196298
1747396336490938,0.0452863,0.000219533,0.00193004
1747396336491035,0.0458938,0.000184089,0.000884946
1747396336491052,0.0450344,0.000247227,0.00235819
1747396336491104,0.0364861,0.000611037,0.01682
1747396336491149,0.0366758,0.00072654,0.0163238
1747396336491221,0.0376601,0.000467259,0.0145072
1747396336491236,0.0364791,0.000546598,0.0168915
1747396336491309,0.0367754,0.000470598,0.0163259
1747396336491336,0.0447202,0.000122598,0.00282315
1747396336491344,0.0357389,0.00126651,0.0178452
1747396336491375,0.0450743,0.000212248,0.00229153
1747396336491386,0.0418161,0.000302959,0.00821713
1747396336491444,0.04109,0.000363732,0.00944012
1747396336491502,0.0363366,0.000684401,0.0170754
1747396336491593,0.044726,0.000255098,0.00281478
1747396336491607,0.0357902,0.00102628,0.0179455
1747396336491614,0.038425,0.000858679,0.0127819
1747396336491651,0.0379526,0.000695831,0.0137786
1747396336491652,0.0357072,0.00106834,0.0180868
1747396336491664,0.0443162,0.000266869,0.00351791
1747396336492000,0.0430907,0.00026468,0.00569915
1747396336492086,0.0447329,0.000271225,0.00280356
1747396336492258,0.0418265,0.000291707,0.00805348
1747396336492355,0.0444234,0.000240605,0.00333999
1747396336492366,0.0434677,0.000339804,0.00500154
1747396336492512,0.0419716,0.00030238,0.00777186
1747396336492523,0.0439925,0.000266867,0.00408676
1747396336492856,0.0449701,0.000250379,0.00240227
1747396336492971,0.0421867,0.000280726,0.00737102
1747396336493002,0.0451788,0.000141327,0.00207836
1747396336493069,0.0449578,0.000255889,0.0024226
1747396336493138,0.0447944,0.00014343,0.0027344
1747396336493424,0.0441233,0.00023665,0.00389391
1747396336493467,0.0452765,0.000223865,0.00194641
1747396336493592,0.0449981,0.000225466,0.00232556
1747396336493602,0.0450098,0.000220417,0.00230647
1747396336493740,0.0409985,0.000427809,0.00951897
1747396336493774,0.0424811,0.000274368,0.00693673
1747396336493775,0.0441282,0.000187347,0.00388532
1747396336493886,0.0443626,0.00023888,0.00347926
1747396336493886,0.0427949,0.000168836,0.00608627
1747396336493911,0.0458873,0.000175391,0.000895525
1747396336493916,0.0408605,0.0004163,0.00979616
1747396336494101,0.042055,0.000331351,0.00783749
1747396336494135,0.0453163,0.000218123,0.00190856
1747396336494231,0.0453539,0.000161174,0.00175493
1747396336494371,0.0452902,0.000213948,0.00195202
1747396336494472,0.0457575,0.000166787,0.00115896
1747396336494623,0.0383304,0.000532426,0.0140494
1747396336494760,0.0464093,0.000152599,7.00702e-05
1747396336494905,0.0386539,0.000669452,0.0132932
1747396336495041,0.042992,0.000413214,0.00538813
1747396336495115,0.0413754,0.000478021,0.00819537
1747396336495116,0.0428213,0.0004045,0.00568083
1747396336495162,0.0442287,7.98515e-05,0.00366124
1747396336495316,0.0425356,0.000448779,0.00616046
1747396336495366,0.0385362,0.000652247,0.0135439
1747396336495509,0.042408,0.000421793,0.00638812
1747396336495510,0.0414929,0.000423769,0.00800262
1747396336495546,0.0443142,0.000104636,0.00355857
1747396336495642,0.0429064,0.000366246,0.00554441
1747396336495646,0.0409762,0.000418876,0.00894349
1747396336495777,0.0450064,0.000195571,0.00292995
1747396336495789,0.0429072,0.000451842,0.0055237
1747396336495819,0.0387141,0.00063978,0.0131899
1747396336495849,0.0455025,0.000205305,0.00158982
1747396336495930,0.0456238,0.000149063,0.00133185
1747396336496035,0.0414278,0.000536896,0.00808115
1747396336496143,0.0443695,0.000257706,0.00346794
1747396336496181,0.0462896,9.6639e-05,0.000232485
1747396336496279,0.0426281,0.00040669,0.00601172
1747396336496437,0.0388903,0.000553398,0.0128869
1747396336496556,0.0452297,0.000168851,0.00199481
1747396336496620,0.0434593,0.000313514,0.00518616
1747396336496635,0.0438626,0.000291568,0.00445641
1747396336496981,0.0457328,0.000202162,0.0012002
1747396336496987,0.0451055,0.00021096,0.00227035
1747396336497081,0.0444571,0.000247397,0.00339782
1747396336497469,0.0453459,0.000216719,0.00188719
1747396336497544,0.0484219,0.00123817,0.0472706
1747396336497548,0.0424674,0.000314705,0.00711905
1747396336497623,0.0423068,0.000348254,0.00726836
1747396336497693,0.0452957,0.00016863,0.00191408
1747396336497736,0.0444436,0.000210165,0.00342035
1747396336497861,0.0455591,0.000149861,0.00152085
1747396336498061,0.0445192,0.000171733,0.00320396
1747396336498071,0.0455394,0.000200351,0.00155429
1747396336498084,0.0456457,0.000137415,0.00131985
1747396336498115,0.0452968,0.000226759,0.00194115
1747396336498145,0.0455409,0.000185596,0.00155166
1747396336498215,0.0457601,0.00018815,0.00117817
1747396336498253,0.043597,0.000314704,0.0048806
1747396336498331,0.045509,0.000216684,0.00157903
1747396336498419,0.046417,0.000140751,7.33747e-05
1747396336498457,0.045741,0.000170929,0.00121003
1747396336498548,0.0455718,0.000189652,0.00147445
1747396336498634,0.0444052,0.000256287,0.00344672
1747396336498656,0.0418398,0.000356481,0.00825014
1747396336498818,0.0443936,0.000228956,0.00355939
1747396336498854,0.0435689,0.000233931,0.00499691
1747396336499336,0.0462026,0.000155765,0.000431534
1747396336499513,0.0445495,0.000255649,0.00331794
1747396336499526,0.0460144,0.000182795,0.000769477
1747396336499529,0.0435243,0.000300827,0.00512528
1747396336499673,0.0451666,0.000162826,0.00219789
1747396336499759,0.0445396,0.000224436,0.00329605
1747396336499821,0.0454054,0.000186831,0.00181498
1747396336499829,0.045167,0.000208396,0.00222832
1747396336499866,0.0453874,0.000194666,0.00184548
1747396336500377,0.0443603,0.000244249,0.00361649
1747396336500449,0.0450329,0.000213102,0.00236045
1747396336500921,0.0461694,0.00016013,0.000468012
1747396336501350,0.0458163,0.000162295,0.00110717
1747396336501464,0.0451581,0.000200062,0.00221246
1747396336501482,0.0457963,0.000173096,0.00111762
1747396336501544,0.0447442,0.000216334,0.00293507
1747396336501660,0.0458595,0.000166366,0.00105746
1747396336502363,0.044675,0.000166858,0.00305215
1747396336502396,0.045509,0.000216684,0.00157903
1747396336502458,0.0436601,0.000302556,0.00482148
1747396336502475,0.0458258,0.000180376,0.00111457
1747396336502647,0.0440893,0.000164052,0.00409501
1747396336502965,0.0427658,0.00025875,0.00669114
1747396336502982,0.0456113,0.000190922,0.00148512
1747396336502995,0.0448862,0.000162144,0.002682
1747396336503126,0.042089,0.000314828,0.00777722
1747396336503216,0.0455172,0.000213106,0.0015654
1747396336503273,0.0457702,0.000186451,0.00113811
1747396336503480,0.0451015,0.000144348,0.00227633
1747396336503578,0.0438557,0.000268895,0.00446796
1747396336503818,0.0449619,0.000166684,0.00255403
1747396336504190,0.0434191,0.000286126,0.00538174
1747396336504309,0.0453364,0.000220953,0.00190322
1747396336504335,0.0455459,0.000211613,0.00154355
1747396336504560,0.0450972,0.000123693,0.00231449
1747396336504682,0.0459917,0.000137341,0.000807188
1747396336504858,0.0455231,0.000136266,0.00158114
1747396336505248,0.043208,0.000211212,0.00577307
1747396336505253,0.0447641,0.000181529,0.00293671
1747396336505285,0.0444141,0.000249458,0.00360548
1747396336505369,0.0454137,0.000209854,0.00182929
1747396336505383,0.046044,0.000179631,0.000740521
1747396336505434,0.0462751,0.000162708,0.000347178
1747396336505794,0.0449995,9.85176e-05,0.00244683
1747396336505817,0.0456534,0.000183303,0.00143909
1747396336505838,0.0452787,0.000183044,0.00209872
1747396336505890,0.045114,0.000219603,0.00228698
1747396336506008,0.0462089,0.000162718,0.000421198
1747396336506012,0.0447718,0.000204,0.00288814
1747396336506134,0.0424912,0.000266748,0.00707625
1747396336506461,0.044695,0.00021853,0.0030187
1747396336506804,0.043043,0.000280716,0.00629343
1747396336507213,0.0458196,0.000170701,0.00112511
1747396336507597,0.0433705,0.000245817,0.00554323
1747396336507669,0.0458321,0.000189968,0.00110403
1747396336507776,0.0464657,0.000137934,2.42846e-05
1747396336508049,0.0452381,0.000201142,0.00216872
1747396336508380,0.0460189,0.000159451,0.000761697
1747396336508494,0.0457808,0.000176964,0.00116692
1747396336508979,0.045366,0.000219506,0.00188179
1747396336509019,0.0461081,0.000150375,0.000673021
1747396336509179,0.0450928,0.000102742,0.00235335
1747396336509387,0.043551,0.000207872,0.00490871
1747396336509481,0.0452054,0.000208031,0.00216318
1747396336509555,0.045582,0.000206706,0.0015087
1747396336509584,0.0457996,0.000193885,0.0011355
1747396336509596,0.0455986,0.000168603,0.00150645
1747396336509623,0.0461966,0.00012815,0.000460092
1747396336510632,0.0433187,0.000197357,0.00569057
1747396336510657,0.0454797,0.00020326,0.00177269
1747396336510723,0.0458578,0.000176702,0.00108364
1747396336510854,0.0353327,0.000605077,0.0188404
1747396336510882,0.0358966,0.00040668,0.0178115
1747396336510912,0.0375847,0.000499325,0.0143212
1747396336510918,0.0392342,0.000557094,0.0112292
1747396336511097,0.0376961,0.000602703,0.0140428
1747396336511217,0.0355723,0.000628504,0.0183012
1747396336511218,0.0391907,0.000494388,0.011336
1747396336511232,0.0359747,0.000370238,0.0176781
1747396336511240,0.0452085,0.000163981,0.00221931
1747396336511360,0.0352481,0.000645651,0.0189855
1747396336511370,0.0405429,0.000406223,0.00899877
1747396336511417,0.040344,0.000325158,0.00937176
1747396336511454,0.0356555,0.000658831,0.0180962
1747396336511520,0.0391765,0.000582536,0.0113208
1747396336511547,0.035979,0.000506347,0.0175476
1747396336511609,0.0354165,0.000565105,0.0186969
1747396336512484,0.0463624,0.000159299,0.000270839
1747396336512773,0.0440565,0.00023379,0.00446622
1747396336512882,0.0463734,0.00015581,0.000251869
1747396336513061,0.0461605,0.000166897,0.00062409
1747396336513128,0.0455018,9.77613e-05,0.00164308
1747396336513243,0.045295,0.000166843,0.00213195
1747396336513259,0.0461571,0.000168273,0.000630088
1747396336514144,0.0453749,0.000175689,0.00202303
1747396336514427,0.0460691,0.000178225,0.000718929
1747396336515758,0.0463417,0.000151485,0.000288334
1747396336515944,0.0461332,0.000169478,0.000650671
1747396336516169,0.0445843,0.000229261,0.00347073
1747396336516266,0.0455604,0.000189589,0.00168889
1747396336516473,0.044945,0.000186885,0.00280282
1747396336516723,0.0457733,0.000186175,0.00133479
1747396336516850,0.0463605,0.000159928,0.000274147
1747396336517611,0.0463877,0.000148994,0.000245021
1747396336518126,0.0454001,0.000192116,0.00200943
1747396336518169,0.0464473,0.000121238,5.49477e-05
1747396336518276,0.0463237,0.000148915,0.000319299
1747396336520112,0.0464104,0.000155796,0.000223596
1747396336521077,0.0458911,0.000145764,0.00107323
1747396336521217,0.0461555,0.00014854,0.000632707
1747396336521627,0.0443064,0.000203848,0.00409068
1747396336522561,0.0462304,0.00016344,0.000563485
1747396336523579,0.0460796,0.000116906,0.000742591
1747396336524312,0.0446604,0.000200934,0.00341646
1747396336524343,0.0464306,0.000155128,0.000206121
1747396336524873,0.0459583,0.000148973,0.00100349
1747396336524949,0.0441307,0.000231492,0.00442947
1747396336524995,0.0462592,0.00015996,0.000532984
1747396336525447,0.0456148,0.0001873,0.00164944
1747396336525513,0.0464248,0.000148974,0.00021631
1747396336525689,0.0463495,0.000119037,0.000311469
1747396336526111,0.0463795,0.000124347,0.000277468
1747396336526347,0.0406762,0.000199554,0.00899964
1747396336526371,0.0407623,0.000249891,0.00883257
1747396336526455,0.0374371,0.000102856,0.015052
1747396336526827,0.0445306,0.000217714,0.00371065
1747396336526921,0.0403397,0.000167248,0.00960015
1747396336527240,0.0463895,0.000137922,0.000260114
1747396336527573,0.0403941,0.000137048,0.00947997
1747396336528306,0.0366014,0.000175849,0.0168167
1747396336528324,0.0373521,0.000202822,0.0152504
1747396336528650,0.0402917,0.000197837,0.00971097
1747396336528733,0.0443655,0.0002156,0.00402943
1747396336528739,0.0409626,0.000338896,0.00848668
1747396336528913,0.0460243,0.000163235,0.000933948
1747396336529004,0.0408246,0.000310804,0.0087346
1747396336529123,0.0410062,0.000320751,0.00841768
1747396336530025,0.0408689,0.000292421,0.00866424
1747396336530678,0.0463795,0.000124347,0.000277468
1747396336533984,0.0440337,0.000246805,0.00414706
1747396336534460,0.045496,0.000193842,0.00160061
1747396336537022,0.0450872,0.000198156,0.00247233
1747396336537654,0.044299,0.000227304,0.00390682
1747396336538746,0.0463258,0.000156806,0.000474623
1747396336539356,0.0366866,0.000174554,0.0168005
1747396336539522,0.0405103,0.000213167,0.00940242
1747396336539839,0.0407964,0.000260726,0.00887997
1747396336540511,0.0409264,0.000291048,0.00864224
1747396336540690,0.0410631,0.00031929,0.00839515
1747396336540852,0.0404632,0.000178445,0.00944481
1747396336541053,0.0408825,0.000309382,0.00871243
1747396336546836,0.0399167,9.78998e-05,0.0104289
1747396336547872,0.0397626,7.65888e-05,0.0107155
1747396336549300,0.0420388,0.000341354,0.00694686
1747396336549893,0.0391307,0.000250868,0.0123266
1747396336549977,0.0411647,0.000384388,0.00846878
1747396336550395,0.0396396,0.000330993,0.0113002
1747396336550486,0.0404719,0.000220779,0.00943134
1747396336550604,0.0407125,0.000335051,0.00930163
1747396336550608,0.0409586,0.000308881,0.0088657
1747396336550848,0.0420736,0.000326298,0.00689089
1747396336550902,0.0407842,0.000385708,0.00915174
1747396336550905,0.0411623,0.000302207,0.00850204
1747396336551333,0.050331,0.00123447,0.0479772
1747396336555947,0.0397401,0.000522163,0.0108421
1747396336556100,0.0363494,0.000541652,0.0176537
1747396336556458,0.0366475,0.000396284,0.0171285
1747396336556463,0.0368699,0.000357598,0.0166764
1747396336556658,0.0408958,0.000332869,0.0088237
1747396336556703,0.0378638,0.00076767,0.0142995
1747396336556732,0.0357354,0.000982175,0.0186591
1747396336556806,0.0362124,0.000736914,0.0178219
1747396336556811,0.0359755,0.000925853,0.0181721
1747396336556815,0.0412376,0.000431885,0.00818561
1747396336556924,0.0413773,0.000637215,0.00784394
1747396336556982,0.0414186,0.000618113,0.00777867
1747396336556991,0.0365206,0.000716438,0.0171571
1747396336557091,0.039648,0.000691398,0.0109086
1747396336557108,0.0410087,0.000322989,0.00861085
1747396336557141,0.0364159,0.000430797,0.0175354
1747396336557152,0.0409662,0.000341359,0.00867943
1747396336557171,0.0360615,0.000747059,0.0181521
1747396336557204,0.0411825,0.000641274,0.00818019
1747396336557332,0.0383617,0.000753429,0.0133209
1747396336557340,0.0355782,0.00099678,0.0190034
1747396336557542,0.0412896,0.000507317,0.00803738
1747396336557553,0.0376128,0.000816108,0.0147738
1747396336557585,0.0410279,0.000460656,0.00851213
1747396336557699,0.0362912,0.000630221,0.0177475
1747396336557764,0.0408054,0.000173989,0.00889588
1747396336557795,0.0356722,0.000881412,0.0189062
1747396336557850,0.0397016,0.000666071,0.0108212
1747396336557997,0.0364391,0.000622175,0.0174239
1747396336558001,0.0409929,0.000643647,0.00851007
1747396336558057,0.0365861,0.000548431,0.0171659
1747396336558062,0.0410803,0.000603163,0.0083709
1747396336558184,0.0363661,0.000592399,0.0176156
1747396336558260,0.037278,0.000547492,0.0156677
1747396336558290,0.0361361,0.000911855,0.0178271
1747396336558308,0.0359832,0.000787161,0.0182901
1747396336558628,0.0395313,0.000190183,0.0112099
1747396336558781,0.0371073,0.000271742,0.0159002
1747396336558995,0.0406698,0.000358044,0.0090835
1747396336559357,0.0400085,0.000226529,0.0103177
1747396336559495,0.0404259,0.000294499,0.0095391
1747396336559528,0.0398626,0.000208129,0.0105916
1747396336559653,0.0403134,0.000259873,0.0097538
1747396336559760,0.0405446,0.00032726,0.00931577
1747396336559909,0.0404726,0.000274753,0.00946371
1747396336563214,0.0360028,0.000330402,0.0181077
1747396336563507,0.0364571,0.000254401,0.0171895
1747396336563618,0.0404936,0.000370429,0.00932384
1747396336563664,0.0367066,0.000348465,0.0165783
1747396336564334,0.0401057,0.0002897,0.0100452
1747396336564335,0.0405257,0.000440701,0.00924116
1747396336564385,0.0403988,0.000411172,0.00947531
1747396336564520,0.0363059,0.000256186,0.0175146
1747396336564581,0.0356943,0.000409414,0.0187143
1747396336564696,0.0401645,0.000346033,0.0099166
1747396336564883,0.0394745,0.000240652,0.0112153
1747396336564942,0.0399046,0.000294883,0.0104051
1747396336564973,0.0357745,0.000371142,0.0185736
1747396336565082,0.0368517,0.000281593,0.0163289
1747396336565099,0.0403017,0.000453218,0.00963047
1747396336567222,0.0390217,4.84155e-05,0.0120867
1747396336569318,0.0392363,9.74985e-05,0.0115618
1747396336569591,0.0401627,0.000334323,0.00988503
1747396336570143,0.0368451,0.000173979,0.0164664
1747396336570242,0.0402737,0.000312128,0.00978426
1747396336570273,0.0400978,0.000278324,0.0100229
1747396336570371,0.0366141,0.000241294,0.0167354
1747396336570477,0.0400478,0.000299246,0.0101032
1747396336570628,0.0364439,0.000176416,0.0171492
1747396336570795,0.0368508,0.00020676,0.0162708
1747396336570932,0.0402001,0.00021223,0.00993623
1747396336571123,0.0401016,0.000253087,0.0100957
1747396336580212,0.0395775,0.000173003,0.011056
1747396336580907,0.0398829,0.000211401,0.0104848
1747396336581672,0.0405577,0.000399816,0.00940324
1747396336584281,0.0351226,0.000668063,0.0188284
1747396336584297,0.0366776,0.000678616,0.0156098
1747396336584323,0.0366038,0.000713211,0.0157298
1747396336584325,0.0343915,0.000900357,0.0202001
1747396336584327,0.0358606,0.00136832,0.016713
1747396336584384,0.0379015,0.000784244,0.0132183
1747396336584386,0.0352731,0.000660123,0.0185106
1747396336584491,0.0369734,0.00114158,0.0147319
1747396336584506,0.0364067,0.000878848,0.0159964
1747396336584554,0.0375047,0.000736848,0.0139826
1747396336584588,0.0358935,0.000561637,0.0172892
1747396336584608,0.0375621,0.00102135,0.0137092
1747396336584633,0.040503,0.000378032,0.00949158
1747396336584672,0.0368859,0.00126352,0.0148217
1747396336584772,0.0376326,0.000753879,0.0137332
1747396336584772,0.0406213,0.000408858,0.0092677
1747396336584772,0.0404376,0.00032489,0.00963075
1747396336584787,0.0343012,0.000945595,0.0203532
1747396336584792,0.0346308,0.00084521,0.0197254
1747396336584813,0.035378,0.0015302,0.0175451
1747396336584821,0.0379677,0.000753806,0.0131138
1747396336584833,0.0379634,0.000678663,0.013164
1747396336584841,0.036711,0.000289475,0.0170158
1747396336584857,0.0373995,0.000635584,0.0142444
1747396336584973,0.0361156,0.00124358,0.0163041
1747396336585014,0.035919,0.00157582,0.0164555
1747396336585022,0.0362216,0.000894139,0.0163509
1747396336585036,0.0396653,0.000264536,0.0110783
1747396336585067,0.0357735,0.00141121,0.0168527
1747396336585141,0.0365024,0.00068923,0.015948
1747396336585166,0.035414,0.00158966,0.0174292
1747396336585167,0.0365985,0.00101082,0.0155295
1747396336585171,0.0377731,0.000613734,0.0135546
1747396336585173,0.0349377,0.000823875,0.0190741
1747396336585234,0.03421,0.0009915,0.020508
1747396336585250,0.0364601,0.00163676,0.0153929
1747396336585263,0.0380332,0.000723827,0.0130105
1747396336585274,0.0370129,0.000284635,0.0163654
1747396336585286,0.0378318,0.000738886,0.0133724
1747396336585311,0.0411776,0.000333087,0.00830977
1747396336585382,0.040391,0.000345268,0.00970684
1747396336585391,0.0377002,0.00072273,0.0136257
1747396336585433,0.0377671,0.000692048,0.0135195
1747396336585459,0.0378345,0.000815151,0.0133241
1747396336585464,0.0405492,0.000357798,0.0094165
1747396336585474,0.0371252,0.00106918,0.0144915
1747396336585476,0.0362938,0.00163545,0.0157049
1747396336585546,0.0366426,0.000804441,0.0157304
1747396336585551,0.0398019,0.000282984,0.0108144
1747396336585572,0.0362474,0.00129606,0.0161567
1747396336585616,0.0366818,0.00100849,0.0155095
1747396336585617,0.0369781,0.00117592,0.0148324
1747396336585636,0.0367171,0.000769085,0.0156089
1747396336585669,0.0341866,0.00111622,0.0206304
1747396336585692,0.0409657,0.000425286,0.00865055
1747396336585699,0.0377055,0.000908451,0.013628
1747396336585706,0.0404562,0.000398583,0.00956756
1747396336585771,0.0362674,0.000366434,0.0179266
1747396336585862,0.0342793,0.00106904,0.0204727
1747396336585920,0.0351326,0.000706985,0.0189538
1747396336585929,0.0355971,0.00154093,0.0172603
1747396336586020,0.0360348,0.00132333,0.0165538
1747396336586077,0.040305,0.000963005,0.00903986
1747396336586080,0.0392886,0.000220145,0.0117831
1747396336586095,0.0379078,0.000659959,0.0133952
1747396336586101,0.0363805,0.00130884,0.0158897
1747396336586134,0.0352659,0.00178673,0.0177356
1747396336586181,0.0374958,0.00108724,0.0139151
1747396336586183,0.0391074,0.000222291,0.0121274
1747396336586197,0.0382275,0.000589902,0.0128412
1747396336586211,0.0405282,0.000449937,0.00941835
1747396336586225,0.0381627,0.000543692,0.0129876
1747396336586228,0.040575,0.000429237,0.00934257
1747396336586265,0.0381648,0.000618418,0.0129411
1747396336586282,0.0354458,0.000618932,0.0183583
1747396336586292,0.037848,0.000611953,0.0135358
1747396336586339,0.0364465,0.00112203,0.0158894
1747396336586350,0.0368059,0.00102505,0.0152581
1747396336586401,0.0355964,0.000611618,0.0180411
1747396336586404,0.0361558,0.00157974,0.0161428
1747396336586406,0.0365641,0.00145859,0.0154411
1747396336586436,-0.001731,0.0240527,0.0836474
1747396336586440,0.00954291,0.0156774,0.0618499
1747396336586448,0.0373484,0.00115784,0.0141486
1747396336586453,0.0319729,0.00359602,0.0219646
1747396336586460,0.0150499,0.0118556,0.0527651
1747396336586467,0.00121079,0.0217528,0.0782536
1747396336586496,0.0360082,0.00157255,0.0164322
1747396336586510,0.012901,0.0145306,0.0522725
1747396336586554,-0.00188405,0.0242107,0.0842089
1747396336586560,0.0344356,0.00105477,0.0201363
1747396336586561,0.0363661,0.00116106,0.0160191
1747396336586565,0.000672943,0.0221643,0.0791863
1747396336586573,0.0288304,0.00363325,0.0287942
1747396336586573,0.0351165,0.000780162,0.0189152
1747396336586575,-0.00868567,0.0304028,0.0992195
1747396336586578,0.034619,0.000608296,0.0192337
1747396336586587,-0.00305019,0.0251279,0.0862451
1747396336586588,0.0345673,0.00160413,0.018441
1747396336586602,0.00381126,0.0197456,0.0724752
1747396336586617,0.0103938,0.015083,0.0604184
1747396336586643,0.0162532,0.0114055,0.0493807
1747396336586645,0.0226164,0.00692119,0.039988
1747396336586659,-0.00601008,0.0278082,0.0930478
1747396336586674,0.0352205,0.000651106,0.0179348
1747396336586675,0.0365228,0.0010525,0.0151059
1747396336586686,-0.000993355,0.0234465,0.0820759
1747396336586693,-0.00736828,0.0290981,0.0961483
1747396336586694,0.0010477,0.0218366,0.0779909
1747396336586696,-0.00662813,0.0283177,0.0941461
1747396336586698,0.00866326,0.0162952,0.0633296
1747396336586703,-0.00867059,0.0308272,0.10065
1747396336586741,0.0131622,0.0131727,0.0557612
1747396336586742,-0.00318736,0.0252831,0.0867898
1747396336586750,0.0373634,0.000520296,0.0138888
1747396336586756,0.0400793,0.000270964,0.0102846
1747396336586809,0.0339446,0.00183692,0.0194873
1747396336586817,-0.00531692,0.0271696,0.091489
1747396336586834,0.00821229,0.0166132,0.0640881
1747396336586835,-0.00450578,0.0263886,0.0894154
1747396336586840,0.0343164,0.00188193,0.0187152
1747396336586847,0.00555,0.0184775,0.0692723
1747396336586853,0.007437,0.0171152,0.0660661
1747396336586858,0.0326966,0.00130532,0.022717
1747396336586864,0.0364544,0.000856401,0.0153607
1747396336586872,0.0209746,0.00977932,0.039126
1747396336586882,0.0365705,0.000584661,0.015328
1747396336586902,0.011761,0.0143483,0.0569541
1747396336586904,0.0370182,0.000278825,0.0162965
1747396336586909,0.036244,0.000661588,0.0158974
1747396336586924,0.00813789,0.0166286,0.064653
1747396336586935,0.0354204,0.000972554,0.0172628
1747396336586945,0.0089406,0.0161239,0.0626499
1747396336586964,-0.00522189,0.0270268,0.0909965
1747396336586965,0.016362,0.0125615,0.0464076
1747396336586971,0.0366512,0.000840864,0.015003
1747396336587003,0.036101,0.00109582,0.0158637
1747396336587008,0.0364226,0.000651678,0.0155623
1747396336587033,-0.00799628,0.0296255,0.0972721
1747396336587051,-0.00511593,0.0268793,0.0904882
1747396336587056,0.00910674,0.0159833,0.0625836
1747396336587058,0.00284963,0.0204683,0.074628
1747396336587063,0.0050814,0.018812,0.0705527
1747396336587069,0.036421,0.000946816,0.0153632
1747396336587077,0.0373367,0.00027375,0.0156291
1747396336587080,-0.0024625,0.024665,0.085219
1747396336587081,0.00970681,0.0155388,0.0617844
1747396336587083,0.00306679,0.0202993,0.073999
1747396336587087,0.00232561,0.0208601,0.0755275
1747396336587098,0.000854946,0.0220025,0.0785958
1747396336587140,0.0340831,0.00192052,0.019143
1747396336587162,0.035365,0.00152399,0.0169601
1747396336587183,0.0060335,0.018127,0.0684508
1747396336587205,0.0341668,0.00180205,0.0190733
1747396336587224,0.000306915,0.0224205,0.079543
1747396336587227,0.0363943,0.000593144,0.0156583
1747396336587232,0.0351305,0.00171757,0.0172699
1747396336587261,0.0351001,0.00149676,0.0174857
1747396336587271,0.034723,0.00137902,0.0183145
1747396336587278,0.0364061,0.000288651,0.0176155
1747396336587310,0.00997189,0.0153773,0.0611282
1747396336587332,0.0053106,0.0186465,0.069919
1747396336587345,0.0355459,0.00105818,0.0169512
1747396336587365,0.00481906,0.0190058,0.0707571
1747396336587371,-0.00803233,0.0297487,0.097688
1747396336587383,0.00579412,0.018294,0.0690947
1747396336587399,-0.00131468,0.0237648,0.0832147
1747396336587405,0.0353353,0.00101279,0.0173986
1747396336587409,0.0368003,0.000772851,0.0147698
1747396336587420,0.0399005,0.00030402,0.0104573
1747396336587433,0.034469,0.00165245,0.0185961
1747396336587438,0.00839571,0.0164634,0.0639973
1747396336587439,0.0367759,0.000859214,0.0147601
1747396336587462,0.0077537,0.0169375,0.0648595
1747396336587469,-0.00461508,0.0265357,0.0899258
1747396336587479,0.0328001,0.00125271,0.0225438
1747396336587486,-0.00821483,0.0293212,0.0955985
1747396336587500,0.0277059,0.00543788,0.0290797
1747396336587505,0.00794402,0.0167837,0.0647596
1747396336587506,0.0362954,0.000567409,0.0158677
1747396336587523,0.0355517,0.00127946,0.0167772
1747396336587529,0.00673769,0.0176091,0.067486
1747396336587531,0.0351443,0.000620225,0.0181193
1747396336587532,0.0342688,0.0017514,0.0189123
1747396336587540,0.00480842,0.0190226,0.0702911
1747396336587549,0.00505841,0.0188349,0.0701076
1747396336587554,0.0377621,0.00129291,0.0127644
1747396336587555,0.032229,0.00363992,0.0214343
1747396336587575,0.034252,0.00168416,0.0190006
1747396336587578,0.00358293,0.0199167,0.0731161
1747396336587583,0.0353527,0.00107668,0.0173138
1747396336587598,0.0356788,0.00129543,0.0165241
1747396336587601,0.0370298,0.000450627,0.0145523
1747396336587610,0.00431934,0.0193721,0.071609
1747396336587615,0.0340484,0.0017852,0.0193231
1747396336587616,0.0371372,0.000474819,0.0143357
1747396336587622,0.00626976,0.0179483,0.0682838
1747396336587629,0.0348162,0.00133383,0.0181664
1747396336587631,0.0354385,0.00103605,0.0171774
1747396336587655,-0.00669403,0.0284511,0.0946012
1747396336587664,0.0397976,0.000265635,0.0106608
1747396336587703,-0.00592952,0.02767,0.0925737
1747396336587716,-0.00731723,0.0289697,0.0957125
1747396336587717,0.00722583,0.0172798,0.0661976
1747396336587723,0.0361481,0.00115038,0.0157391
1747396336587737,0.00579972,0.0183051,0.0686125
1747396336587776,0.0361443,0.000636252,0.0161086
1747396336587787,0.00788968,0.0167907,0.0652969
1747396336587790,0.0167632,0.012058,0.0462237
1747396336587791,-0.001731,0.0240527,0.0836474
1747396336587817,0.0396481,0.000247706,0.0109417
1747396336587822,0.0346286,0.00142492,0.0184644
1747396336587858,0.00556477,0.0184576,0.0697258
1747396336587858,0.0346444,0.00149131,0.0183792
1747396336587858,0.0351369,0.00155635,0.0173717
1747396336587862,0.0368503,0.000825251,0.0146441
1747396336587870,-0.00378171,0.0257555,0.0878313
1747396336587887,-0.000596958,0.0231711,0.081674
1747396336587901,0.00748475,0.0171103,0.0655348
1747396336587939,-0.00156692,0.0238904,0.0830705
1747396336587941,-0.00115945,0.0236078,0.0826528
1747396336587946,-0.00364728,0.0255996,0.0872877
1747396336587953,0.00276939,0.0205147,0.0742513
1747396336587957,0.0357775,0.00164635,0.0161086
1747396336587959,0.00336515,0.020084,0.0737432
1747396336587973,0.0114884,0.0143535,0.0583783
1747396336588008,-0.00608002,0.0279417,0.0935063
1747396336588012,0.0118713,0.0151248,0.0540572
1747396336588019,-0.00736828,0.0290981,0.0961483
1747396336588043,0.0363377,0.000835992,0.0155945
1747396336588073,0.00675835,0.0176149,0.0669892
1747396336588087,0.0279411,0.00401106,0.0304673
1747396336588088,0.0362822,0.00116487,0.0154799
1747396336588106,-0.000250078,0.0228466,0.0805055
1747396336588115,0.00883998,0.0161493,0.0632475
1747396336588126,0.0362002,0.000540744,0.0160725
1747396336588126,0.0367559,0.000430585,0.0150836
1747396336588135,0.00174011,0.0213489,0.0773356
1747396336588141,-0.000428968,0.023011,0.0810972
1747396336588142,0.038302,0.00121551,0.0118753
1747396336588155,0.0400602,0.000319087,0.0101632
1747396336588183,-0.00864334,0.0309221,0.100971
1747396336588199,0.00158817,0.0214279,0.0770601
1747396336588202,0.00981834,0.0155107,0.0611783
1747396336588211,0.0355026,0.0013797,0.0167997
1747396336588213,-0.00868567,0.0304028,0.0992195
1747396336588215,0.036379,0.000743809,0.0155803
1747396336588216,0.00409063,0.0195413,0.0722476
1747396336588218,0.0366401,0.00069777,0.0151185
1747396336588230,0.0245562,0.00841298,0.0327524
1747396336588231,0.0343519,0.00163481,0.0188424
1747396336588233,0.035251,0.00134761,0.0173052
1747396336588267,0.0364546,0.000709269,0.0154609
1747396336588312,0.0351353,0.00089571,0.0178938
1747396336588328,-0.00188405,0.0242107,0.0842089
1747396336588348,0.0143725,0.0136611,0.0498092
1747396336588359,0.0367487,0.000576129,0.0149964
1747396336589789,0.0444742,0.000162063,0.00358209
1747396336590160,0.0366849,0.000273765,0.0149936
1747396336590194,0.0356405,0.000485965,0.0167955
1747396336590226,0.0346254,0.000703422,0.0185849
1747396336590257,0.0358192,0.000637317,0.0163521
1747396336590258,0.0350823,0.000879821,0.0175649
1747396336590300,0.0345707,0.00126588,0.0182516
1747396336590304,0.032773,0.00064102,0.0225039
1747396336590379,0.0344375,0.00124592,0.0185194
1747396336590415,0.0335332,0.00126925,0.0202646
1747396336590483,0.0337446,0.00109757,0.0199932
1747396336590501,0.0345393,0.000815405,0.0186612
1747396336590504,0.0328759,0.000593589,0.0223322
1747396336590552,0.0332311,0.000495858,0.0216656
1747396336590556,0.0351926,0.00106813,0.0172234
1747396336590585,0.0346334,0.000773821,0.0185112
1747396336590615,0.034637,0.00115611,0.0182066
1747396336590627,0.0361895,0.000556898,0.01572
1747396336590654,0.0355003,0.00032531,0.0171859
1747396336590697,0.0353347,0.000925597,0.0170568
1747396336590717,0.0342503,0.00094413,0.0191218
1747396336590742,0.0348662,0.00113311,0.0177894
1747396336590797,0.0341591,0.00106045,0.0192041
1747396336590872,0.0337482,0.00124688,0.0198568
1747396336590892,0.0332063,0.00142007,0.0207854
1747396336590911,0.032147,0.000805814,0.0237098
1747396336591069,0.0361743,0.00018802,0.0160022
1747396336591074,0.0355169,0.00100568,0.0166642
1747396336591092,0.0351142,0.000943809,0.0174581
1747396336591131,0.0334838,0.000446833,0.0211733
1747396336591145,0.0340516,0.00103338,0.0194384
1747396336591147,0.0320373,0.000857642,0.023894
1747396336591156,0.0338481,0.00112549,0.0197628
1747396336591228,0.0347389,0.00080203,0.0182831
1747396336591255,0.0369264,0.000326684,0.0145203
1747396336591281,0.0368036,0.00030072,0.0147595
1747396336591306,0.0345322,0.000744534,0.018734
1747396336591308,0.0327236,0.000599876,0.0226636
1747396336591338,0.0364598,0.000217002,0.0154471
1747396336591491,0.0352484,0.000432727,0.0175887
1747396336591495,0.0344378,0.00078629,0.0188848
1747396336591500,0.0365704,0.000245849,0.0152228
1747396336591526,0.0338618,0.00127189,0.0196123
1747396336591627,0.0339661,0.00122438,0.0194472
1747396336591630,0.0356465,0.000868663,0.0165159
1747396336591635,0.035985,0.000566525,0.0160918
1747396336602067,0.0396656,0.000343835,0.0109143
1747396336602351,0.0366225,0.000285195,0.0169744
1747396336602866,0.0385036,0.00022984,0.0131718
1747396336602956,0.0363183,0.000290073,0.0176308
1747396336602964,0.0395737,0.000303812,0.0111026
1747396336603021,0.0327688,0.00313476,0.020881
1747396336603072,0.0362684,0.000686829,0.0159207
1747396336603075,0.0282308,0.00379298,0.0301989
1747396336603130,0.0344246,0.00148576,0.0189217
1747396336603170,0.0397631,0.0003822,0.0107181
1747396336603188,0.0381543,0.00125942,0.0121826
1747396336603226,0.0353107,0.0014365,0.0172206
1747396336603255,0.0347011,0.00127789,0.0185407
1747396336603268,0.0346966,0.000926723,0.0188592
1747396336603288,0.0332966,0.000957388,0.0218719
1747396336603305,0.0381495,0.00144285,0.0121131
1747396336603320,0.0352161,0.000818823,0.017892
1747396336603356,0.0349568,0.000941306,0.0183121
1747396336603361,0.034536,0.00150597,0.0186821
1747396336603368,0.035568,0.000794706,0.0172069
1747396336603370,0.0344379,0.00155392,0.0188384
1747396336603372,0.0382257,0.00122622,0.012075
1747396336603392,0.0366472,0.000809535,0.0151171
1747396336603404,0.0358767,0.000581942,0.0167657
1747396336603433,0.0361759,0.00102671,0.0158588
1747396336603435,0.0344029,0.00180134,0.0187097
1747396336603501,0.0339155,0.00166243,0.0198008
1747396336603552,0.0352587,0.00108398,0.017588
1747396336603553,0.0353292,0.000978069,0.0175331
1747396336603613,0.0328508,0.00111968,0.0227016
1747396336603624,0.0342391,0.000620844,0.0201441
1747396336603631,0.0392981,0.000265832,0.0116343
1747396336603637,0.0348987,0.0015581,0.0179271
1747396336603640,0.0349024,0.000627364,0.0187117
1747396336603641,0.0342746,0.00178695,0.0189741
1747396336603643,0.0364501,0.000824485,0.0154777
1747396336603644,0.0373628,0.000488688,0.0139905
1747396336603687,0.0397179,0.000321094,0.0108288
1747396336603698,0.0361658,0.00036222,0.0178985
1747396336603754,0.0340662,0.00189044,0.019304
1747396336603787,0.0363368,0.000952091,0.0156057
1747396336603837,0.0336354,0.000851803,0.0212276
1747396336603848,0.0398665,0.000418804,0.0105137
1747396336603877,0.0345118,0.00136961,0.0188444
1747396336603891,0.034607,0.0013234,0.0186916
1747396336603937,0.0348692,0.000913335,0.0185156
1747396336603958,0.0347041,0.00165308,0.0182342
1747396336604000,0.0362453,0.000256547,0.0178231
1747396336604034,0.0351704,0.00112593,0.0177292
1747396336604041,0.0352252,0.000542522,0.0181188
1747396336604064,0.0387158,0.00117766,0.0112647
1747396336604067,0.0341187,0.00202184,0.0190961
1747396336604078,0.0386349,0.00103797,0.0114582
1747396336604107,0.0351678,0.00174528,0.0172767
1747396336604139,0.0366778,0.000720722,0.0151181
1747396336604185,0.0342158,0.00136921,0.0194475
1747396336604251,0.0338154,0.00178653,0.0198956
1747396336604278,0.0383638,0.00125112,0.0118294
1747396336604306,0.0361217,0.000370059,0.0182514
1747396336604306,0.0358282,0.000745167,0.0167326
1747396336604311,0.0280689,0.00388494,0.0304698
1747396336604358,0.0370273,0.000347819,0.0162817
1747396336604389,0.0351815,0.00142115,0.0174807
1747396336604443,0.0345046,0.00175113,0.0185492
1747396336604448,0.0347484,0.00147784,0.0182834
1747396336604464,0.0338227,0.000760055,0.020913
1747396336604496,0.0351434,0.000994159,0.0178904
1747396336604524,0.0359274,0.00114303,0.0162501
1747396336604527,0.0373461,0.00057036,0.0139712
1747396336604529,0.0354322,0.00100197,0.0173106
1747396336604563,0.0372949,0.000518652,0.0140974
1747396336604578,0.0352344,0.000472156,0.018165
1747396336604579,0.036644,0.00039028,0.017072
1747396336604613,0.0350009,0.000515531,0.0186124
1747396336604628,0.0402475,0.00040833,0.00994057
1747396336604633,0.0348038,0.000740346,0.0188104
1747396336604667,0.034605,0.00170172,0.0183907
1747396336604672,0.036752,0.000687166,0.015001
1747396336604675,0.0348688,0.00149551,0.018033
1747396336604733,0.0366028,0.000754789,0.0152366
1747396336604768,0.0363176,0.000592556,0.0158946
1747396336604824,0.0334933,0.00194791,0.0204106
1747396336604826,0.0363428,0.000330054,0.0177929
1747396336604853,0.0362938,0.000896326,0.0157245
1747396336604865,0.0329522,0.00106853,0.0225301
1747396336604877,0.0365709,0.000844364,0.0152371
1747396336604900,0.0341364,0.00170237,0.019319
1747396336604912,0.033585,0.000814659,0.0213858
1747396336604926,0.0382929,0.00128417,0.0119358
1747396336604946,0.0364873,0.000733218,0.0154696
1747396336604954,0.0367225,0.000775231,0.0149985
1747396336604971,0.0364951,0.000583957,0.0155592
1747396336604985,0.032175,0.00336015,0.0218702
1747396336604988,0.0376797,0.00130496,0.0129799
1747396336605281,0.0399889,0.000359949,0.0104334
1747396336605383,0.0398421,0.000344586,0.0107111
1747396336605682,0.0388466,0.000154771,0.0124197
1747396336605732,0.0367991,0.000385849,0.0167394
1747396336605781,0.0359,0.000411895,0.0187144
1747396336607594,0.0368451,0.000173979,0.0164664
1747396336607770,0.0354511,0.000543454,0.0195055
1747396336608231,0.0395414,0.00029301,0.0111161
1747396336608235,0.0397353,0.000416187,0.0108016
1747396336608348,0.0355325,0.000502742,0.01936
1747396336608390,0.0357536,0.000457845,0.0188959
1747396336608448,0.0358757,0.000596483,0.0184763
1747396336608452,0.0398841,0.00051117,0.0104861
1747396336608467,0.036051,0.000377129,0.0182997
1747396336608950,0.0396435,0.000377691,0.0109892
1747396336608972,0.0359741,0.0004148,0.0184362
1747396336609172,0.0393695,0.000343209,0.0115176
1747396336609241,0.0373191,0.000315923,0.0155941
1747396336609416,0.0397792,0.000558643,0.0106566
1747396336609508,0.038661,0.000586935,0.0127312
1747396336609652,0.0395044,0.00036102,0.011256
1747396336609657,0.0399357,0.000487981,0.0104024
1747396336609665,0.0398839,0.000430058,0.0105225
1747396336609747,0.0398326,0.000452985,0.0106061
1747396336610771,0.0367917,0.000326764,0.0168746
1747396336610918,0.0392381,0.00020947,0.0118249
1747396336611038,0.0401577,0.000496609,0.0100874
1747396336611069,0.0357668,0.000495682,0.019023
1747396336611204,0.0399975,0.000405953,0.0104199
1747396336611373,0.0351658,0.000640834,0.0198489
1747396336611373,0.0347389,0.000860136,0.0206062
1747396336611427,0.0381424,0.000807689,0.0134306
1747396336611545,0.0345614,0.000952445,0.0209211
1747396336611604,0.0343799,0.00104751,0.0212431
1747396336611636,0.0360645,0.000413257,0.0184215
1747396336613032,0.0387955,0.000683626,0.0121819
1747396336613041,0.0348051,0.00112364,0.0200414
1747396336613044,0.0385962,0.000698789,0.012547
1747396336613054,0.0375147,0.00075506,0.014599
1747396336613119,0.037868,0.00051361,0.0140618
1747396336613248,0.0385227,0.000655762,0.0127094
1747396336613290,0.0389213,0.000395985,0.0121007
1747396336613321,0.0382816,0.00084782,0.0130581
1747396336613326,0.0378741,0.000964977,0.0137666
1747396336613358,0.0382041,0.000652547,0.013319
1747396336613389,0.0373523,0.000908747,0.0148171
1747396336613394,0.0364017,0.000517175,0.0170842
1747396336613394,0.0361028,0.000597458,0.0176608
1747396336613423,0.036552,0.00051108,0.0167665
1747396336613488,0.034739,0.00109259,0.0202281
1747396336613526,0.0386569,0.000670323,0.0124483
1747396336613602,0.0369838,0.00108968,0.0154257
1747396336613645,0.0379574,0.00108453,0.0135389
1747396336613703,0.0381504,0.000910711,0.0132712
1747396336613740,0.0380836,0.000942893,0.0133797
1747396336613747,0.0370792,0.000817694,0.0154261
1747396336613791,0.0350028,0.000955858,0.0197683
1747396336613811,0.0372329,0.000891428,0.0150659
1747396336613948,0.0375335,0.00097394,0.0144191
1747396336614004,0.0383904,0.00056524,0.0130132
1747396336614079,0.0388652,0.000421506,0.0121925
1747396336614160,0.034894,0.00107747,0.0198869
1747396336614165,0.0387762,0.000614672,0.0122544
1747396336614211,0.0381627,0.000984714,0.0132065
1747396336614266,0.0350933,0.000624369,0.0182904
1747396336614313,0.0322788,0.00100298,0.0240155
1747396336614379,0.0342317,0.000396487,0.0203122
1747396336614412,0.0363744,0.000652544,0.015769
1747396336614417,0.036295,0.000534503,0.0160009
1747396336614434,0.0365788,0.000640609,0.0153924
1747396336614514,0.037369,0.000378502,0.0140905
1747396336614522,0.0362528,0.000628969,0.0160155
1747396336614543,0.036631,0.000696159,0.0152593
1747396336614628,0.0360091,0.00089273,0.0162974
1747396336614635,0.0363406,0.000745273,0.0157709
1747396336614654,0.0365004,0.000674953,0.015517
1747396336614679,0.0351093,0.000762845,0.0181421
1747396336614686,0.03631,0.000837795,0.0157675
1747396336614693,0.0366838,0.000218872,0.0154798
1747396336614711,0.0335547,0.000580453,0.021602
1747396336614740,0.036733,0.000573509,0.0151475
1747396336614761,0.0373582,0.000460629,0.0140614
1747396336614771,0.0351981,0.000722768,0.017998
1747396336614773,0.032431,0.000991159,0.0236719
1747396336614808,0.0350043,0.000522066,0.0185608
1747396336614820,0.0365522,0.000730736,0.0153841
1747396336614822,0.0350105,0.000734234,0.018364
1747396336614854,0.0332073,0.000680461,0.0222684
1747396336614864,0.0370793,0.000273118,0.014694
1747396336614899,0.0352857,0.000683306,0.0178555
1747396336614909,0.0347345,0.000715129,0.0189409
1747396336614932,0.0365097,0.00022025,0.0158136
1747396336615022,0.0357908,0.000458843,0.0170348
1747396336615054,0.0350324,0.000872034,0.0182063
1747396336615090,0.0366416,0.000459749,0.0153938
1747396336615184,0.0350159,0.00037774,0.018668
1747396336615217,0.0337463,0.00049078,0.0212768
1747396336615294,0.0366026,0.000401258,0.0155075
1747396336615298,0.0361314,0.000759736,0.0161562
1747396336615345,0.0359237,0.000931074,0.0164331
1747396336615391,0.0351404,0.000898044,0.0179714
1747396336615395,0.034848,0.00095627,0.0185048
1747396336615398,0.0349287,0.000844884,0.0184356
1747396336616171,0.0336059,0.00195505,0.0200974
1747396336616173,0.0355705,0.00123661,0.0168109
1747396336616182,0.0362889,0.000678741,0.015835
1747396336616210,0.0377919,0.00128103,0.0127686
1747396336616250,0.0376786,0.00151531,0.0128583
1747396336616252,0.0273214,0.00405655,0.0319363
1747396336616278,0.034365,0.00165872,0.0188299
1747396336616322,0.0366753,0.000362303,0.0153216
1747396336616502,0.0345247,0.00173794,0.0184565
1747396336616520,0.0341078,0.00148127,0.0194916
1747396336616560,0.0378667,0.00124643,0.0126555
1747396336616561,0.0332594,0.00197473,0.0207836
1747396336616571,0.0349558,0.00100239,0.0181913
1747396336616636,0.0363234,0.000737011,0.0157284
1747396336616638,0.0349498,0.000724457,0.0184454
1747396336616639,0.0339034,0.00150742,0.0198849
1747396336616651,0.0340859,0.000542173,0.0204697
1747396336616708,0.0334813,0.00186408,0.0204289
1747396336616743,0.0364008,0.00070208,0.0156059
1747396336616747,0.0370305,0.000495768,0.0145604
1747396336616750,0.0320556,0.00136159,0.0241282
1747396336616844,0.036918,0.000471752,0.0147864
1747396336616876,0.0335747,0.000726008,0.0214021
1747396336616877,0.0343017,0.00124188,0.019308
1747396336616915,0.0343023,0.0013138,0.0192431
1747396336616952,0.0354512,0.000493157,0.0176278
1747396336616959,0.0350557,0.00102771,0.0179711
1747396336616991,0.0345429,0.00149548,0.018609
1747396336617025,0.037242,0.00136085,0.0136864
1747396336617026,0.0358979,0.000638322,0.0166198
1747396336617062,0.0359594,0.000978509,0.0162518
1747396336617067,0.0349828,0.00143789,0.0177936
1747396336617120,0.0349895,0.00264763,0.0170037
1747396336617126,0.0362039,0.000866235,0.0158657
1747396336617147,0.0326992,0.00210686,0.0218223
1747396336617150,0.0337043,0.00182937,0.0200066
1747396336617169,0.034005,0.00145788,0.0197215
1747396336617227,0.0360419,0.000940508,0.0161216
1747396336617238,0.0333765,0.00176704,0.0207326
1747396336617261,0.0337154,0.00190066,0.0199235
1747396336617261,0.0322734,0.00125051,0.0237587
1747396336617265,0.0403484,0.000341721,0.00985464
1747396336617267,0.0346183,0.000743938,0.0191139
1747396336617367,0.0334859,0.0019378,0.0203546
1747396336617372,0.0349463,0.000864796,0.0183281
1747396336617376,0.036211,0.000713917,0.0159587
1747396336617523,0.0357211,0.000647665,0.0169597
1747396336617549,0.0339302,0.00179447,0.0195823
1747396336617549,0.0325911,0.00108991,0.0232197
1747396336617580,0.0359721,0.000822692,0.0163384
1747396336617581,0.0275208,0.00400322,0.0314926
1747396336617585,0.0325516,0.00104967,0.0233677
1747396336617592,0.0363622,0.000794201,0.0156158
1747396336617619,0.0346638,0.00175011,0.0181785
1747396336617693,0.0345106,0.00136048,0.0187833
1747396336617702,0.0394043,0.00035414,0.0116017
1747396336617707,0.03486,0.000975979,0.0184065
1747396336617774,0.0362451,0.000772476,0.0158524
1747396336617798,0.0362835,0.000829943,0.01574
1747396336617824,0.0360048,0.000882163,0.0162331
1747396336617897,0.0351189,0.000714624,0.0181088
1747396336617940,0.0375785,0.000269822,0.0152769
1747396336617941,0.0350461,0.00133054,0.0177515
1747396336617974,0.0339707,0.0019308,0.0193911
1747396336617979,0.0348873,0.00148371,0.0179444
1747396336618010,0.0382858,0.00132264,0.0119084
1747396336618018,0.0354977,0.00111725,0.0170363
1747396336618020,0.0347682,0.000948503,0.0186165
1747396336618087,0.0335886,0.00173589,0.0203241
1747396336618177,0.0351632,0.00160521,0.018081
1747396336618189,0.0369005,0.00121349,0.0149562
1747396336618212,0.0344001,0.000943589,0.0203379
1747396336618224,0.0401431,0.00103888,0.00928527
1747396336618262,0.0344778,0.00195572,0.0191943
1747396336618293,0.0352101,0.00143109,0.0181262
1747396336618360,0.0355605,0.00148198,0.0173773
1747396336618376,0.0396921,0.00106927,0.0100336
1747396336618399,0.0374436,0.000799181,0.0141845
1747396336618400,0.0337287,0.00116074,0.0216359
1747396336618402,0.0394522,0.00118323,0.0103996
1747396336618426,0.0397993,0.00110959,0.0098383
1747396336618464,0.0348769,0.00175068,0.0185461
1747396336618512,0.0364818,0.000321344,0.0174185
1747396336618515,0.0343748,0.00200906,0.0193616
1747396336618531,0.0361766,0.00102812,0.0164901
1747396336618546,0.0362082,0.00108689,0.0163833
1747396336618570,0.0340125,0.00101462,0.0211479
1747396336618631,0.0398274,0.000380697,0.0106977
1747396336618634,0.0378699,0.000453992,0.0135913
1747396336618640,0.0379328,0.000425548,0.0134896
1747396336618646,0.0353785,0.000586673,0.0185366
1747396336618708,0.0400877,0.00106503,0.00936928
1747396336618709,0.0335807,0.00117538,0.0219676
1747396336618723,0.0359895,0.000691585,0.0171407
1747396336618779,0.0359311,0.000858823,0.0171205
1747396336618815,0.0396333,0.00109706,0.0101233
1747396336618851,0.0371579,0.00093379,0.0146428
1747396336618884,0.0361323,0.000487833,0.0170196
1747396336618889,0.0374838,0.000412945,0.0143588
1747396336618896,0.0364805,0.000253411,0.017484
1747396336618902,0.0368637,0.000699939,0.0153699
1747396336618927,0.0347574,0.00173544,0.0188031
1747396336618951,0.0399143,0.00105517,0.00966336
1747396336618986,0.0344897,0.00089839,0.0201849
1747396336618997,0.0396779,0.000365466,0.0109807
1747396336619002,0.0362285,0.000929845,0.0164609
1747396336619006,0.0397303,0.000342415,0.0108944
1747396336619022,0.0400316,0.00109161,0.00945441
1747396336619026,0.0361254,0.000907259,0.0166857
1747396336619075,0.035865,0.000961786,0.0171711
1747396336619097,0.035321,0.00167995,0.0177059
1747396336619134,0.0375945,0.000653701,0.013989
1747396336619143,0.0390147,0.00121122,0.0111386
1747396336619178,0.0381627,0.000543692,0.0129876
1747396336619207,0.0350975,0.00171541,0.0181269
1747396336619278,0.035439,0.00146644,0.0176329
1747396336619285,0.0389909,0.00023083,0.0121396
1747396336619309,0.0375442,0.0006027,0.0141172
1747396336619377,0.0361192,0.00128181,0.0164177
1747396336619411,0.0395861,0.000325562,0.0111702
1747396336619416,0.0357623,0.00123071,0.0171654
1747396336619426,0.0339189,0.00106261,0.0213088
1747396336619452,0.0388555,0.000208755,0.0124056
1747396336619454,0.035677,0.000912018,0.0175999
1747396336619463,0.0368381,0.0011646,0.0151056
1747396336619463,0.0336319,0.00121089,0.0218023
1747396336619480,0.0365856,0.000687406,0.0159305
1747396336619523,0.0362474,0.00129606,0.0161567
1747396336619553,0.0366091,0.000640127,0.0154391
1747396336619568,0.0364173,0.000801424,0.0156939
1747396336619623,0.0351587,0.00110034,0.0179356
1747396336619628,0.0371463,0.000470876,0.0145317
1747396336619629,0.0363886,0.00104143,0.0155852
1747396336619631,0.0351504,0.00140152,0.0177132
1747396336619634,0.0360601,0.00119623,0.016104
1747396336619644,0.0387245,0.000185604,0.0126663
1747396336619655,0.0351752,0.00047533,0.0184607
1747396336619656,0.0300215,0.00403008,0.0254492
1747396336619656,0.0338302,0.00197895,0.0198822
1747396336619660,0.0372571,0.000494444,0.0143076
1747396336619660,0.0280118,0.0039337,0.0308906
1747396336619726,0.0346325,0.0015031,0.0186611
1747396336619763,0.0366847,0.000752821,0.0152173
1747396336619819,0.0373718,0.00051701,0.0140789
1747396336619832,0.0348972,0.00160209,0.0180572
1747396336619838,0.0353094,0.000610696,0.0180524
1747396336619843,0.0356451,0.000727745,0.0172653
1747396336619864,0.0300493,0.0045375,0.0249234
1747396336619867,0.0233053,0.00830865,0.035407
1747396336619869,0.0340433,0.00187165,0.0195416
1747396336619923,0.0347852,0.00278342,0.0171956
1747396336619926,0.0342358,0.00169927,0.0192972
1747396336619940,0.035391,0.000572429,0.0179179
1747396336620025,0.0361501,0.00063455,0.0163349
1747396336620026,0.0366533,0.000842255,0.0152172
1747396336620034,0.0377297,0.00140306,0.012955
1747396336620040,0.0276811,0.00412454,0.0314494
1747396336620050,0.0373544,0.000599183,0.0140602
1747396336620054,0.036494,0.000766094,0.0155716
1747396336620060,0.0355983,0.00118591,0.0169994
1747396336620072,0.0364561,0.00085802,0.0155807
1747396336620103,0.0363522,0.000684983,0.0159024
1747396336620133,0.034702,0.000967604,0.0189883
1747396336620135,0.0353337,0.00101675,0.0176532
1747396336620167,0.0349027,0.00134033,0.0184207
1747396336620168,0.0344026,0.000695933,0.0200991
1747396336620206,0.034416,0.00150702,0.0192731
1747396336620219,0.0361014,0.00113798,0.016208
1747396336620222,0.0359613,0.000550042,0.0169323
1747396336620240,0.0335058,0.000953374,0.0218422
1747396336620295,0.035312,0.000786568,0.0180589
1747396336620314,0.0342335,0.00174711,0.0194396
1747396336620386,0.0340956,0.00190775,0.0190607
1747396336620387,0.0330016,0.000931743,0.0223583
1747396336620388,0.0338277,0.00180855,0.0196716
1747396336620400,0.0341211,0.00129873,0.0195252
1747396336620429,0.0339062,0.000672712,0.0206199
1747396336620451,0.0362651,0.000439223,0.0159678
1747396336620453,0.037601,0.00130845,0.0130067
1747396336620477,0.0355408,0.00120931,0.0167935
1747396336620490,0.0350977,0.00119286,0.0176603
1747396336620519,0.0360105,0.000915016,0.0161088
1747396336620521,0.0274994,0.00395111,0.0315202
1747396336620543,0.0356783,0.00106908,0.0166318
1747396336620576,0.0332923,0.00177813,0.0207902
1747396336620577,0.0342178,0.00125193,0.0193696
1747396336620660,0.0364335,0.000434141,0.0156466
1747396336620687,0.034749,0.00143444,0.0181534
1747396336620692,0.0373305,0.00134761,0.0134568
1747396336620725,0.0324041,0.00215451,0.0222881
1747396336620735,0.0345011,0.00111571,0.0189136
1747396336620747,0.0346106,0.000856444,0.0189253
1747396336620781,0.0381502,0.00122972,0.0121023
1747396336620799,0.032835,0.00208112,0.021453
1747396336620812,0.0345046,0.00104408,0.0189708
1747396336620834,0.0130424,0.0128767,0.0569303
1747396336620839,0.0341173,0.00137179,0.0194669
1747396336620846,0.0356435,0.000720877,0.016962
1747396336620853,0.0354184,0.00119098,0.0170408
1747396336620896,0.0213652,0.00730653,0.0428336
1747396336620961,0.0331677,0.0019874,0.0208526
1747396336620974,0.0336058,0.00169506,0.0202207
1747396336620987,0.03636,0.000466894,0.0157639
1747396336621005,0.0336134,0.00191494,0.0200109
1747396336621008,0.0334972,0.0018226,0.0203275
1747396336621034,0.0325188,0.00105494,0.0233328
1747396336621068,0.0355927,0.00110909,0.0167665
1747396336621136,0.0329409,0.0021017,0.0212139
1747396336621151,0.034686,0.00109816,0.0185546
1747396336621174,0.0354758,0.00108893,0.0170057
1747396336621213,0.0369252,0.00153858,0.0140694
1747396336621261,0.035057,0.00136257,0.0176096
1747396336621270,0.0345113,0.00097181,0.0190231
1747396336621274,0.0338241,0.0014435,0.0200032
1747396336621291,0.0368635,0.000677253,0.0146701
1747396336621291,0.0331978,0.000834498,0.0220277
1747396336621301,0.0346845,0.00102826,0.0186184
1747396336621308,0.0341169,0.00144405,0.0194034
1747396336621315,0.036339,0.00040629,0.0158496
1747396336621328,0.0339243,0.0013945,0.019842
1747396336621352,0.0331562,0.000795129,0.0221742
1747396336621358,0.0271631,0.00414404,0.0320847
1747396336621367,0.034259,0.000693441,0.0198275
1747396336621375,0.0345933,0.00107165,0.0187652
1747396336621376,0.0357411,0.000747073,0.0167507
1747396336621382,0.0329493,0.00202332,0.0212703
1747396336621383,0.0383592,0.0012222,0.011752
1747396336621385,0.0367763,0.000568315,0.0149032
1747396336621390,0.0339162,0.00154213,0.0197243
1747396336621398,0.0372516,0.00138456,0.0135761
1747396336621427,0.0360276,0.000759956,0.0161872
1747396336624928,0.0393833,0.000280939,0.0115442
1747396336625443,0.039616,0.000340324,0.011082
1747396336625745,0.03947,0.000323161,0.0113613
1747396336625753,0.0396866,0.000413599,0.010967
1747396336625966,0.0361033,0.000216622,0.018282
1747396336626944,0.0390603,0.000299913,0.0122069
1747396336626990,0.0377896,0.000936552,0.0136967
1747396336627006,0.0373026,0.00101366,0.0145776
1747396336627014,0.0377167,0.000516839,0.0140966
1747396336627029,0.0365018,0.00125014,0.0159814
1747396336627046,0.0355963,0.00139887,0.017695
1747396336627075,0.0373654,0.0010616,0.0144274
1747396336627112,0.0379242,0.000794669,0.0135254
1747396336627121,0.0377201,0.000969761,0.0138085
1747396336627137,0.038636,0.00061833,0.0122934
1747396336627139,0.0379085,0.000428398,0.0137818
1747396336627168,0.0336012,0.0013957,0.0221103
1747396336627185,0.0387388,0.000494773,0.0121692
1747396336627200,0.0364598,0.00104324,0.0162138
1747396336627223,0.0364772,0.000887894,0.0162959
1747396336627254,0.0398362,0.000427701,0.010684
1747396336627271,0.0339896,0.00119099,0.0214357
1747396336627299,0.0378573,0.000826271,0.0136335
1747396336627325,0.0386216,0.000548049,0.0123578
1747396336627350,0.0357112,0.00141602,0.0174458
1747396336627373,0.0349196,0.000839453,0.0196796
1747396336627511,0.0376307,0.000630217,0.0141894
1747396336627518,0.0378028,0.000404899,0.0140028
1747396336627580,0.0379265,0.000716863,0.0135673
1747396336627589,0.0350894,0.000753822,0.0193867
1747396336627628,0.0357064,0.00057671,0.0181928
1747396336627678,0.0393192,0.000339449,0.011692
1747396336627690,0.037203,0.000684782,0.0149904
1747396336627709,0.0386549,0.000687562,0.0122221
1747396336627776,0.0354006,0.000662779,0.0187832
1747396336627790,0.0365825,0.000909505,0.0160664
1747396336627853,0.035029,0.000720416,0.0195601
1747396336627908,0.0363998,0.000925594,0.0164241
1747396336627962,0.0340839,0.00114167,0.0212718
1747396336627968,0.0380798,0.000422566,0.0134548
1747396336628090,0.0365748,0.00106165,0.0159702
1747396336628114,0.0352364,0.000744597,0.0190655
1747396336628298,0.0370974,0.00103546,0.0149601
1747396336628309,0.037065,0.00120799,0.0149122
1747396336628386,0.0366526,0.0010236,0.0158426
1747396336628389,0.035005,0.000796326,0.0195323
1747396336628400,0.0385526,0.000503623,0.0125109
1747396336628414,0.0338406,0.00120648,0.0217719
1747396336628427,0.0348592,0.000806178,0.0198541
1747396336628439,0.0341772,0.00109307,0.0211097
1747396336628509,0.036054,0.00124394,0.0168817
1747396336628599,0.0366154,0.000967148,0.0159576
1747396336628616,0.0366679,0.00140437,0.0155531
1747396336628629,0.0384866,0.000161035,0.0132559
1747396336628639,0.0378275,0.000538577,0.0138675
1747396336628725,0.038493,0.000530797,0.0126072
1747396336628740,0.0365381,0.0010049,0.0160849
1747396336628779,0.0358307,0.00143174,0.0171907
1747396336628804,0.036496,0.00110028,0.0160993
1747396336628875,0.0370223,0.00107196,0.0150821
1747396336628876,0.0375989,0.000795073,0.0141454
1747396336628905,0.0365056,0.000946957,0.0161934
1747396336628911,0.0381923,0.000444375,0.0132258
1747396336628914,0.0369463,0.00110902,0.0152056
1747396336631466,0.0390582,0.000264701,0.0121667
1747396336631576,0.0393284,0.000304814,0.0116351
1747396336634322,0.0356585,0.000702371,0.0194453
1747396336634451,0.0326487,0.00186242,0.0219661
1747396336634455,0.034328,0.000905267,0.0193837
1747396336634554,0.0337226,0.00133351,0.0202324
1747396336634558,0.035857,0.000764133,0.0164567
1747396336634562,0.0332668,0.0018467,0.0206937
1747396336634587,0.0364705,0.000635588,0.0153839
1747396336634656,0.0328534,0.00183183,0.0215641
1747396336634662,0.0356885,0.000769388,0.0190954
1747396336634696,0.0340249,0.00162565,0.0193585
1747396336634700,0.0348112,0.0012488,0.0181132
1747396336634707,0.0337017,0.00170766,0.0199353
1747396336634711,0.0372718,0.000697964,0.0158132
1747396336634778,0.0400275,0.000519033,0.0104552
1747396336634798,0.0397039,0.000432283,0.0111047
1747396336634812,0.0322725,0.00212366,0.0224987
1747396336634836,0.0400794,0.000575577,0.0103336
1747396336634847,0.0356692,0.000776618,0.0168091
1747396336634847,0.0326254,0.00194581,0.0219309
1747396336634874,0.0361101,0.00053319,0.018558
1747396336634878,0.0329653,0.00177617,0.0213841
1747396336634888,0.036677,0.000442235,0.0173416
1747396336634893,0.0398405,0.000447145,0.0108389
1747396336634928,0.0343024,0.001126,0.0192325
1747396336634949,0.0336983,0.0016346,0.0200061
1747396336634958,0.0265947,0.00421796,0.0332645
1747396336634964,0.0379203,0.00127846,0.0124461
1747396336634967,0.0352049,0.00076497,0.0202555
1747396336634970,0.0401788,0.000529293,0.0101701
1747396336634992,0.0341173,0.0011437,0.0195952
1747396336635004,0.0333994,0.00156204,0.0206857
1747396336635006,0.0343969,0.00108116,0.0190804
1747396336635074,0.0342226,0.00102388,0.0194898
1747396336635103,0.0333086,0.00153531,0.0209008
1747396336635139,0.0399312,0.000483961,0.010651
1747396336635174,0.0332838,0.000696366,0.0218814
1747396336635202,0.0400772,0.000495963,0.0103731
1747396336635240,0.03301,0.000710328,0.0224981
1747396336635246,0.0289498,0.00736892,0.06001
1747396336635256,0.0390253,0.000366803,0.0124523
1747396336635338,0.0360889,0.000375242,0.0163025
1747396336635338,0.0362006,0.000466034,0.0160172
1747396336635379,0.0370418,0.000462003,0.0165077
1747396336635389,0.0341278,0.00106899,0.0196434
1747396336635407,0.0378454,0.00131304,0.0125584
1747396336635413,0.0343078,0.00105304,0.0192876
1747396336635425,0.0351566,0.0010127,0.0176237
1747396336635445,0.0356928,0.000838876,0.0167168
1747396336635461,0.0376372,0.00131984,0.0129109
1747396336635473,0.0352898,0.0010991,0.0172987
1747396336635520,0.0364459,0.00152466,0.0148872
1747396336635522,0.0338241,0.000943003,0.0204067
1747396336635525,0.033621,0.0013828,0.0203965
1747396336635541,0.032648,0.00094857,0.0230324
1747396336635543,0.0384886,0.000664492,0.0132114
1747396336635570,0.0373568,0.00136106,0.0133742
1747396336635578,0.034523,0.000745809,0.0191305
1747396336635604,0.0355876,0.000628476,0.0194896
1747396336635615,0.0377694,0.00134819,0.0126722
1747396336635629,0.0353315,0.000931605,0.0173458
1747396336635707,0.0338365,0.00120851,0.0201152
1747396336635725,0.0357941,0.000576835,0.0167203
1747396336635746,0.0357513,0.000739313,0.0166788
1747396336635752,0.0350868,0.00111915,0.0176767
1747396336635755,0.0363518,0.00148294,0.0150781
1747396336635756,0.0374018,0.00142919,0.0132645
1747396336635783,0.0398623,0.000568076,0.0106428
1747396336635785,0.0333883,0.00322771,0.0194137
1747396336635812,0.037995,0.000502577,0.0134453
1747396336635833,0.0393004,0.00119462,0.0107452
1747396336635848,0.0330428,0.00195789,0.0210507
1747396336635897,0.0241447,0.00550436,0.0377928
1747396336635916,0.0358424,0.000534129,0.0177608
1747396336635921,0.0356674,0.000587264,0.0193454
1747396336635956,0.0375902,0.000764779,0.0140538
1747396336635979,0.035858,0.000935341,0.0173703
1747396336635983,0.0358807,0.00128859,0.0170404
1747396336636014,0.0366035,0.00131724,0.0155943
1747396336636025,0.0359953,0.00146171,0.0166838
1747396336636048,0.0370871,0.000631057,0.0151186
1747396336636058,0.0403892,0.00104179,0.00895124
1747396336636066,0.0396392,0.000433812,0.0111234
1747396336636067,0.0342059,0.000965307,0.020974
1747396336636068,0.0373315,0.000589026,0.0146676
1747396336636071,0.0349731,0.00174746,0.0185242
1747396336636072,0.0354827,0.000746518,0.0196065
1747396336636076,0.0359106,0.00112524,0.0171069
1747396336636103,0.0368614,0.00159329,0.0141208
1747396336636104,0.0357665,0.000909967,0.0175826
1747396336636111,0.0382439,0.000690404,0.0128685
1747396336636124,0.035069,0.00169826,0.0183674
1747396336636160,0.0371244,0.00054195,0.0151088
1747396336636163,0.037834,0.000429896,0.0137989
1747396336636168,0.0368638,0.00111154,0.0152264
1747396336636197,0.038173,0.000570385,0.013069
1747396336636222,0.0376635,0.0004357,0.0141247
1747396336636235,0.0357299,0.00159516,0.0171135
1747396336636244,0.0373949,0.00041653,0.0146633
1747396336636252,0.0391927,0.000326395,0.0120818
1747396336636299,0.0368428,0.00119987,0.0152093
1747396336636312,0.0345503,0.000949492,0.0206194
1747396336636334,0.0341861,0.00113952,0.0212566
1747396336636361,0.0365118,0.000435236,0.01757
1747396336636365,0.0353207,0.00172448,0.0178356
1747396336636370,0.0369633,0.000763281,0.0155547
1747396336636374,0.0344269,0.00107688,0.020761
1747396336636412,0.0366592,0.00105929,0.0159506
1747396336636419,0.0353708,0.00067812,0.0199548
1747396336636435,0.0397128,0.000557361,0.0109257
1747396336636439,0.0394241,0.00113526,0.0105548
1747396336636482,0.0352669,0.000710135,0.0192278
1747396336636522,0.0385407,0.00129296,0.0120313
1747396336636526,0.0404423,0.00101661,0.00887048
1747396336636534,0.0365811,0.00109787,0.0160796
1747396336636537,0.0391498,0.0011769,0.0110127
1747396336636553,0.0347832,0.000892518,0.0201398
1747396336636576,0.0360815,0.00141862,0.0165442
1747396336636657,0.0347284,0.00164739,0.0191174
1747396336636679,0.037933,0.000824136,0.0136134
1747396336636679,0.0378771,0.000697728,0.0137974
1747396336636708,0.0378109,0.000729016,0.0139057
1747396336636752,0.0378024,0.000809213,0.0138725
1747396336636768,0.0343703,0.00104311,0.0209345
1747396336636785,0.0378882,0.000617566,0.0138262
1747396336636799,0.0369374,0.000597646,0.0147572
1747396336636803,0.034467,0.00169838,0.0187313
1747396336636806,0.0327412,0.00109638,0.0231278
1747396336636840,0.0325366,0.00120194,0.0234773
1747396336636841,0.0376384,0.0015625,0.0129607
1747396336636848,0.0371199,0.000588307,0.0144207
1747396336636861,0.0372194,0.00158542,0.0136784
1747396336636886,0.0338264,0.000727547,0.0210527
1747396336636914,0.0382348,0.00145854,0.0119858
1747396336636915,0.0368288,0.000574429,0.0149785
1747396336636918,0.0359113,0.000998371,0.0164366
1747396336636968,0.034985,0.00175215,0.0176763
1747396336637011,0.0359437,0.00105722,0.0163314
1747396336637013,0.0346441,0.0015355,0.0185107
1747396336637042,0.0325029,0.00116142,0.0236173
1747396336637049,0.0322211,0.00136613,0.0240163
1747396336637087,0.0326437,0.00218136,0.0220592
1747396336637109,0.0367803,0.000249857,0.0168317
1747396336637115,0.0345658,0.000872221,0.019267
1747396336637136,0.0332854,0.00206937,0.0208123
1747396336637149,0.0274712,0.00412491,0.0319056
1747396336637159,0.0377805,0.00158512,0.0127063
1747396336637167,0.0346543,0.00287815,0.0175666
1747396336637176,0.036267,0.000477576,0.0161362
1747396336637197,0.0369739,0.001443,0.0141853
1747396336637220,0.0356062,0.0012178,0.016866
1747396336637233,0.0327589,0.00212171,0.0218728
1747396336637272,0.0335053,0.0020316,0.0203923
1747396336637305,0.0349704,0.00087852,0.0184137
1747396336637312,0.0399089,0.000472935,0.0106499
1747396336637320,0.0343376,0.00161279,0.0190617
1747396336637325,0.0365811,0.000908764,0.0152218
1747396336637329,0.0358273,0.000298038,0.0189122
1747396336637341,0.0331805,0.00204944,0.0210499
1747396336637364,0.0341414,0.00135106,0.0196993
1747396336637414,0.0366605,0.00043028,0.0172422
1747396336637456,0.03838,0.00138927,0.0117682
1747396336637465,0.0354883,0.000506501,0.0196666
1747396336637469,0.0346818,0.00305951,0.0174148
1747396336637472,0.0363337,0.000255151,0.017808
1747396336637473,0.0341442,0.000632244,0.0204444
1747396336637498,0.0337335,0.00162473,0.0202945
1747396336637543,0.0371465,0.000503666,0.0144259
1747396336637548,0.0354896,0.00119892,0.0171068
1747396336637638,0.0208626,0.00768294,0.0451201
1747396336637669,0.0300041,0.00421508,0.0256514
1747396336637695,0.0360732,0.000922314,0.0161793
1747396336637721,0.0360439,0.000863022,0.0162793
1747396336637743,0.0357775,0.000915662,0.0167592
1747396336637761,0.0347911,0.00103328,0.0186435
1747396336637788,0.0342375,0.00130359,0.0195432
1747396336637817,0.0349673,0.000948436,0.0183572
1747396336637822,0.0269485,0.00437629,0.0329053
1747396336637835,0.036641,0.0016033,0.0146948
1747396336637842,0.0366945,0.000492592,0.0152925
1747396336637880,0.0350015,0.00128675,0.0180002
1747396336637882,0.0357284,0.000726272,0.017006
1747396336637900,0.0341372,0.00171262,0.0193821
1747396336637909,0.0350196,0.00135165,0.0179122
1747396336637917,0.036123,0.000826162,0.0161533
1747396336637922,0.0391964,0.000372225,0.0119382
1747396336637934,0.0171527,0.0106259,0.0493915
1747396336637959,0.035964,0.000900439,0.0164068
1747396336637969,0.034699,0.00114739,0.0187305
1747396336637971,0.0338277,0.00164869,0.020075
1747396336637976,0.0375052,0.00153665,0.013203
1747396336638012,0.0341289,0.00149828,0.0195887
1747396336638034,0.0357855,0.000421529,0.0190595
1747396336638048,0.0395502,0.000447389,0.0112307
1747396336638084,0.0352521,0.00138856,0.0174269
1747396336638101,0.0394963,0.000471844,0.0113196
1747396336638187,0.0363572,0.000335636,0.0178333
1747396336638196,0.0394769,0.000585587,0.0112246
1747396336638309,0.0526007,0.00113062,0.0487864
1747396336638366,0.0329579,0.00084643,0.0226759
1747396336638385,0.0349976,0.0012024,0.0179455
1747396336638408,0.0345291,0.000785972,0.0192603
1747396336638442,0.034439,0.000828634,0.0194082
1747396336638484,0.0326549,0.000997745,0.0231919
1747396336638485,0.0355215,0.000658561,0.0193102
1747396336638501,0.0368699,0.000357598,0.0166764
1747396336638506,0.0364987,0.00040058,0.0174539
1747396336638514,0.0344247,0.000903231,0.0193664
1747396336638525,0.0351822,0.000639341,0.0201342
1747396336638531,0.036637,0.000745452,0.0151323
1747396336638533,0.036359,0.000431205,0.01588
1747396336638540,0.0360538,0.000484691,0.0183734
1747396336638551,0.0346803,0.000919998,0.0188216
1747396336638560,0.0359721,0.000822692,0.0163384
1747396336638574,0.0321666,0.00112699,0.0241912
1747396336638589,0.0344132,0.000977315,0.0193202
1747396336638608,0.0338126,0.00140733,0.0201643
1747396336638615,0.0346215,0.00138189,0.0185449
1747396336638626,0.0344977,0.00100656,0.0191184
1747396336638636,0.0347831,0.00115652,0.0184082
1747396336638700,0.0343108,0.00109577,0.0194222
1747396336638704,0.0329212,0.00206924,0.0213944
1747396336638706,0.0272754,0.0039656,0.0322348
1747396336638717,0.0331954,0.000789124,0.0221943
1747396336638728,0.0355546,0.00101539,0.0170017
1747396336638738,0.0330564,0.00185345,0.0213182
1747396336638752,0.0274645,0.0039156,0.0318044
1747396336638759,0.0350888,0.00115924,0.0178002
1747396336638767,0.039406,0.000458827,0.0114186
1747396336638803,0.0351789,0.00111674,0.0176566
1747396336638839,0.0354977,0.00111725,0.0170363
1747396336638843,0.0324803,0.00214426,0.0222479
1747396336638866,0.0340129,0.00130987,0.0198399
1747396336638879,0.0349053,0.00124623,0.0180926
1747396336638886,0.0392695,0.000442812,0.0116834
1747396336638941,0.0336208,0.00143025,0.0205434
1747396336638954,0.0265843,0.0043645,0.0334063
1747396336638956,0.0337142,0.00059691,0.0212401
1747396336638959,0.0330721,0.00177318,0.0213636
1747396336639001,0.0351304,0.000603292,0.0203022
1747396336639006,0.0357808,0.000463326,0.0189177
1747396336639007,0.0365592,0.000485063,0.0154562
1747396336639007,0.0320916,0.00122388,0.0242351
1747396336639030,0.0354392,0.000700342,0.0194567
1747396336639047,0.0333069,0.00158496,0.0210533
1747396336639061,0.0345246,0.00142853,0.0186993
1747396336639069,0.0364572,0.000458596,0.0156704
1747396336639080,0.0338006,0.00155773,0.0200503
1747396336639089,0.0350463,0.000646552,0.020454
1747396336639092,0.0392151,0.000626097,0.0116925
1747396336639094,0.0340778,0.00187787,0.019222
1747396336639121,0.0345052,0.00093358,0.0191702
1747396336639158,0.039272,0.0005997,0.0115992
1747396336639182,0.0394216,0.000611138,0.011315
1747396336639198,0.0318726,0.00133629,0.0246091
1747396336639207,0.0393839,0.000548113,0.0114158
1747396336639210,0.0331494,0.00195457,0.0210286
1747396336639225,0.0391372,0.000425634,0.0119431
1747396336639237,0.0383581,0.00128906,0.0118001
1747396336639261,0.0341396,0.00169162,0.0192497
1747396336639286,0.034586,0.00103477,0.0189117
1747396336639315,0.0343995,0.0011237,0.0192138
1747396336639322,0.0348588,0.000836002,0.0185316
1747396336639329,0.0332613,0.00189859,0.0208491
1747396336639336,0.0330443,0.0019329,0.0212672
1747396336639352,0.0267466,0.00421379,0.0332459
1747396336639365,0.0340543,0.00181094,0.019322
1747396336639401,0.0343046,0.00116918,0.0193676
1747396336639412,0.036742,0.000623414,0.015016
1747396336639414,0.0349524,0.00137523,0.0178999
1747396336639439,0.0330974,0.000837447,0.0223605
1747396336639442,0.0366678,0.000656545,0.0151332
1747396336639443,0.0339134,0.00135823,0.0200011
1747396336639476,0.0376394,0.00135198,0.0129992
1747396336639480,0.0380634,0.00133464,0.0122802
1747396336639507,0.0361732,0.000373767,0.0162859
1747396336639514,0.0349798,0.00113669,0.0180332
1747396336639558,0.0343478,0.000871935,0.0195579
1747396336639565,0.0338238,0.00133101,0.0202135
1747396336639587,0.035808,0.00089801,0.0165991
1747396336639633,0.0335349,0.00297053,0.0192519
1747396336639648,0.0240328,0.00520698,0.0512013
1747396336639672,0.0355578,0.000722401,0.0172225
1747396336639688,0.0366649,0.000510578,0.0152374
1747396336639737,0.0337154,0.00190066,0.0199235
1747396336639832,0.0348092,0.00138622,0.0185721
1747396336639868,0.033597,0.00184588,0.0206725
1747396336639869,0.0373124,0.000576482,0.0142776
1747396336639901,0.0245833,0.00648737,0.0567152
1747396336639907,0.0361429,0.00104202,0.0161952
1747396336639940,0.0363863,0.000563034,0.0160715
1747396336639946,0.0341187,0.00151009,0.0198889
1747396336639951,0.0337002,0.00186702,0.0204359
1747396336639952,0.0363458,0.000871596,0.0159235
1747396336639972,0.0334893,0.00190082,0.020848
1747396336640016,0.0349669,0.0010217,0.0185642
1747396336640047,0.0335925,0.00199662,0.0205423
1747396336640047,0.0396072,0.000396748,0.0112248
1747396336640049,0.0353477,0.000554773,0.0198364
1747396336640110,0.035893,0.000651122,0.016987
1747396336640144,0.0371973,0.00055448,0.014509
1747396336640156,0.0364241,0.00040617,0.0161182
1747396336640180,0.0365394,0.000855913,0.0155611
1747396336640197,0.0334985,0.00182332,0.020903
1747396336640216,0.0340651,0.000674435,0.0208868
1747396336640229,0.0387943,0.00120161,0.0113097
1747396336640289,0.0351815,0.00150574,0.0177322
1747396336640291,0.0353661,0.0014154,0.0174371
1747396336640293,0.0352167,0.00133592,0.0177934
1747396336640304,0.034416,0.00150702,0.0192731
1747396336640305,0.0333201,0.000925807,0.0223153
1747396336640326,0.0366916,0.000785348,0.0153178
1747396336640330,0.0346021,0.00127036,0.0190984
1747396336640330,0.036257,0.000693918,0.0162273
1747396336640342,0.0376546,0.00147313,0.013163
1747396336640372,0.033064,0.00163419,0.0212244
1747396336640390,0.0337909,0.00142794,0.0199229
1747396336640433,0.0330305,0.00187155,0.0210693
1747396336640516,0.0344888,0.00117039,0.0187453
1747396336640521,0.0340308,0.000496336,0.0203402
1747396336640533,0.0375238,0.0014023,0.0130396
1747396336640538,0.0335434,0.00119024,0.0206577
1747396336640548,0.0344163,0.00135367,0.0187378
1747396336640552,0.0337258,0.0018391,0.0197028
1747396336640572,0.0335971,0.00137581,0.0203666
1747396336640579,0.0365213,0.00142193,0.0147719
1747396336640597,0.0338933,0.00137895,0.0197592
1747396336640629,0.034633,0.000477085,0.019078
1747396336640636,0.0332317,0.000565151,0.022044
1747396336640638,0.0320122,0.000986436,0.0243585
1747396336640642,0.0324348,0.00180121,0.0223845
1747396336640646,0.0362899,0.000426168,0.0158218
1747396336640652,0.0368741,0.000319532,0.0168012
1747396336640715,0.0355568,0.00067932,0.0170429
1747396336640716,0.03747,0.00133659,0.0131615
1747396336640718,0.0348754,0.00106378,0.0180697
1747396336640718,0.0367322,0.00149941,0.0143601
1747396336640724,0.0379747,0.00128626,0.0123254
1747396336640732,0.0339966,0.00140332,0.0195297
1747396336640749,0.0360032,0.000339292,0.0164392
1747396336640749,0.0316853,0.00115129,0.024917
1747396336640758,0.0346703,0.000729851,0.0187637
1747396336640781,0.0333161,0.00136926,0.0209571
1747396336640784,0.0356392,0.000642295,0.0169114
1747396336640791,0.0368152,0.00182892,0.0140568
1747396336640796,0.0341063,0.00106233,0.019612
1747396336640798,0.0357598,0.000376794,0.0168857
1747396336640840,0.0336196,0.00095013,0.0207412
1747396336640884,0.0366392,0.000953655,0.0156304
1747396336640887,0.0348139,0.000800082,0.0195625
1747396336640891,0.0329306,0.00145591,0.023171
1747396336640902,0.0344338,0.00175128,0.0194609
1747396336640924,0.0354142,0.00163287,0.0175555
1747396336640929,0.0358181,0.00150855,0.0168474
1747396336640967,0.0374179,0.000442987,0.0144662
1747396336640968,0.0348769,0.00175068,0.0185461
1747396336640971,0.0367233,0.00187295,0.0141941
1747396336640993,0.0335327,0.00113904,0.0221286
1747396336640994,0.0371527,0.000423057,0.0149999
1747396336640997,0.035993,0.00142155,0.016566
1747396336641007,0.0371994,0.00076291,0.0146739
1747396336641033,0.034904,0.00181407,0.0184402
1747396336641075,0.0359059,0.000663365,0.017339
1747396336641081,0.0350104,0.00145769,0.0185151
1747396336641082,0.037128,0.00079642,0.0147891
1747396336641100,0.0337245,0.00103944,0.0217964
1747396336641106,0.0369716,0.000722026,0.0151428
1747396336641106,0.0356999,0.00104238,0.0174429
1747396336641145,0.0370116,0.000776823,0.0150273
1747396336641173,0.0366863,0.000711349,0.015712
1747396336641244,0.0358506,0.000897835,0.0172535
1747396336641245,0.0373513,0.000473472,0.0145748
1747396336641246,0.0347275,0.00160106,0.0189793
1747396336641262,0.0361637,0.00133724,0.0162914
1747396336641265,0.0342403,0.00192598,0.0197119
1747396336641309,0.0364218,0.000253756,0.0177931
1747396336641321,0.0262248,0.00428825,0.0338882
1747396336641326,0.0350975,0.00171541,0.0181269
1747396336641348,0.0397515,0.000412056,0.010947
1747396336641353,0.0366818,0.00100849,0.0155095
1747396336641395,0.0264035,0.00418592,0.0335862
1747396336641416,0.037848,0.000611953,0.0135358
1747396336641438,0.0370835,0.000743027,0.0149108
1747396336641454,0.0396781,0.00126079,0.00999022
1747396336641459,0.0355309,0.00112544,0.0177211
1747396336641502,0.0397993,0.00110959,0.0098383
1747396336641521,0.0349173,0.00150474,0.0186679
1747396336641522,0.0367519,0.000825767,0.0154999
1747396336641526,0.037184,0.000622834,0.0147978
1747396336641542,0.0361457,0.000334489,0.0184222
1747396336641557,0.0378422,0.000690134,0.0135
1747396336641566,0.03727,0.0007299,0.0145599
1747396336641598,0.034253,0.0019953,0.0196249
1747396336641603,0.0369389,0.00081113,0.0151451
1747396336641628,0.0390147,0.00121122,0.0111386
1747396336641634,0.0348229,0.00155252,0.0188226
1747396336641665,0.0391665,0.00122884,0.0108704
1747396336641665,0.0334868,0.00217069,0.0210853
1747396336644524,0.0374766,0.00139316,0.0136644
1747396336644532,0.0352859,0.00157621,0.0176933
1747396336644558,0.0343592,0.00189223,0.019312
1747396336644570,0.0371719,0.000450256,0.0148064
1747396336644572,0.0343345,0.00175437,0.0194818
1747396336644593,0.0353346,0.00103718,0.0180335
1747396336644593,0.0362394,0.00110754,0.0161592
1747396336644610,0.0349113,0.00097002,0.0189875
1747396336644619,0.0360316,0.00128452,0.0164387
1747396336644666,0.0365985,0.00101082,0.0155295
1747396336644704,0.0354281,0.00106209,0.0178191
1747396336644732,0.0374646,0.00157326,0.0135947
1747396336644733,0.0374674,0.000604449,0.0141355
1747396336644735,0.03495,0.00159208,0.0183554
1747396336644739,0.0367442,0.000792653,0.0153981
1747396336644771,0.0376009,0.000543553,0.0139213
1747396336644809,0.0346381,0.00198241,0.0186733
1747396336644833,0.035469,0.00148492,0.0173987
1747396336644837,0.0351627,0.00091404,0.0185045
1747396336644859,0.0344244,0.00156222,0.0194659
1747396336644887,0.0354399,0.00112777,0.0177398
1747396336644906,0.0368549,0.000667943,0.0152703
1747396336644911,0.0340243,0.00183956,0.0200546
1747396336644945,0.037573,0.000705372,0.0138738
1747396336644950,0.0393202,0.00121682,0.0105228
1747396336644951,0.0330426,0.00122091,0.0229662
1747396336644988,0.0343281,0.00153937,0.0196904
1747396336644991,0.0361156,0.00124358,0.0163041
1747396336645031,0.0338181,0.00187284,0.0204606
1747396336645050,0.0373657,0.000801245,0.0142041
1747396336645054,0.0351404,0.000594928,0.0188637
1747396336645062,0.0397643,0.000501396,0.0100429
1747396336645139,0.0368273,0.000902213,0.0151625
1747396336645161,0.0363294,0.000699786,0.0162849
1747396336645163,0.0365204,0.00104814,0.0156547
1747396336645169,0.034127,0.00178679,0.0198867
1747396336645176,0.0354984,0.000887588,0.0178242
1747396336645204,0.0353304,0.000969385,0.0181017
1747396336645231,0.0348778,0.0017046,0.0184109
1747396336645262,0.0363199,0.00106875,0.0160296
1747396336645267,0.0377753,0.00142141,0.0131149
1747396336645269,0.037151,0.000901579,0.0145463
1747396336645304,0.0353029,0.000516212,0.0185888
1747396336645349,0.0363109,0.000638283,0.0163704
1747396336645370,0.0341311,0.00185863,0.0198133
1747396336645381,0.036362,0.000973805,0.016015
1747396336645405,0.0380293,0.00147548,0.0126409
1747396336645423,0.0345252,0.00158377,0.0192357
1747396336645424,0.0327357,0.00138274,0.0234977
1747396336645438,0.0336696,0.000955581,0.0218032
1747396336645444,0.0346217,0.00153496,0.0190779
1747396336645447,0.0346304,0.00160397,0.0189997
1747396336645448,0.0339944,0.000850638,0.0211679
1747396336645482,0.0375345,0.000573775,0.0140278
1747396336645491,0.0279488,0.00406442,0.0314407
1747396336645513,0.0339204,0.00189316,0.0202245
1747396336645514,0.0354258,0.00065213,0.0181914
1747396336645527,0.0331427,0.00116852,0.0227929
1747396336645542,0.034521,0.00144171,0.0193729
1747396336645554,0.0364067,0.000878848,0.0159964
1747396336645560,0.0371036,0.000481456,0.0149174
1747396336645595,0.0365176,0.0008997,0.0157639
1747396336645620,0.0390779,0.00033493,0.0120918
1747396336645622,0.0389644,0.00129537,0.0110978
1747396336645691,0.0336006,0.00205911,0.0207473
1747396336645693,0.0365886,0.000439485,0.0159688
1747396336645693,0.0375853,0.000624686,0.0139001
1747396336645699,0.0376404,0.000674366,0.0137662
1747396336645700,0.0335747,0.00100433,0.0219669
1747396336645708,0.036931,0.000778804,0.0150461
1747396336645735,0.0367836,0.000848034,0.0152834
1747396336645790,0.037622,0.00149608,0.0133516
1747396336645793,0.0370051,0.000455966,0.0151284
1747396336645809,0.0373116,0.000529602,0.0144818
1747396336645830,0.0339329,0.00198673,0.0199257
1747396336645837,0.0338367,0.00211244,0.0200143
1747396336645842,0.0360032,0.00103268,0.0165285
1747396336645876,0.0349845,0.00123679,0.0184121
1747396336645881,0.0375812,0.00139362,0.0133615
1747396336645884,0.0381732,0.00137239,0.0123305
1747396336645932,0.0350688,0.00156422,0.0179726
1747396336645939,0.0356985,0.00125428,0.0169626
1747396336645956,0.0358688,0.00117172,0.0166894
1747396336645974,0.0350741,0.00119269,0.0182659
1747396336646041,0.0342291,0.00168668,0.0195777
1747396336646048,0.0342289,0.00154212,0.0197098
1747396336646074,0.0339257,0.00191529,0.0200037
1747396336646106,0.036955,0.000514731,0.0150467
1747396336646147,0.0348428,0.000568666,0.0193558
1747396336646148,0.0396687,0.000421765,0.0111232
1747396336646149,0.0343412,0.000628766,0.0204164
1747396336646186,0.0336044,0.00208076,0.0205239
1747396336646196,0.0383835,0.00136105,0.0119713
1747396336646262,0.0373022,0.00161695,0.0137467
1747396336646269,0.0349792,0.0011683,0.0184826
1747396336646275,0.0335229,0.00183099,0.0209345
1747396336646288,0.0356118,0.00129653,0.0171016
1747396336646326,0.0336167,0.00185418,0.0207108
1747396336646343,0.0388388,0.000335937,0.0127673
1747396336646372,0.0371652,0.00056248,0.0146097
1747396336646373,0.0382452,0.00133784,0.0122206
1747396336646405,0.034613,0.00134952,0.0190816
1747396336646411,0.0358236,0.000760142,0.0171014
1747396336646442,0.0363559,0.000938656,0.015908
1747396336646463,0.0388245,0.0013316,0.0112285
1747396336646529,0.0393948,0.000388936,0.0116594
1747396336646535,0.0390555,0.00131336,0.0108447
1747396336646544,0.0392641,0.000370787,0.0119197
1747396336646578,0.0357995,0.000459438,0.0191875
1747396336646586,0.0365519,0.000772982,0.0156455
1747396336646589,0.0365061,0.000441014,0.0159849
1747396336646616,0.0386696,0.00131443,0.0114993
1747396336646646,0.0332742,0.00217775,0.0211289
1747396336646684,0.0363997,0.000844412,0.0158905
1747396336646708,0.0396159,0.000445802,0.011211
1747396336646748,0.0348959,0.00100102,0.0188087
1747396336646751,0.0332932,0.00202147,0.0212397
1747396336646787,0.0349296,0.0014828,0.018317
1747396336646852,0.0344709,0.00104105,0.0209196
1747396336646853,0.0390888,0.0012058,0.010829
1747396336646857,0.036707,0.0010004,0.0160469
1747396336646882,0.038204,0.000728921,0.0132739
1747396336646890,0.0275992,0.00421435,0.0321516
1747396336646920,0.0373163,0.00108036,0.0147755
1747396336646922,0.0345607,0.000993931,0.0207612
1747396336646939,0.0380915,0.00150208,0.0124154
1747396336646952,0.0350226,0.0014366,0.0181668
1747396336646965,0.0367218,0.000846714,0.0161333
1747396336646971,0.0373182,0.00143438,0.0138108
1747396336646971,0.0388547,0.000655981,0.012086
1747396336647000,0.0369726,0.000796533,0.015658
1747396336647023,0.0281102,0.00396942,0.0311644
1747396336647030,0.0353453,0.00142725,0.0175291
1747396336647064,0.0368052,0.000359798,0.0169857
1747396336647076,0.0379453,0.000775269,0.0137436
1747396336647089,0.0387232,0.000313816,0.0130091
1747396336647097,0.0388528,0.00141078,0.01115
1747396336647100,0.0397076,0.000483991,0.0110203
1747396336647100,0.0377623,0.000490927,0.0142868
1747396336647145,0.0391116,0.000615162,0.0116305
1747396336647151,0.0365869,0.000331256,0.0175003
1747396336647166,0.0338126,0.00139099,0.0220791
1747396336647170,0.0382041,0.000652547,0.013319
1747396336647186,0.0356645,0.000619321,0.0186148
1747396336647194,0.0362822,0.00113817,0.0168131
1747396336647227,0.037257,0.000658928,0.015182
1747396336647229,0.037849,0.000595748,0.0140449
1747396336647231,0.0366327,0.00126316,0.015715
1747396336647269,0.0341951,0.00118661,0.0214053
1747396336647271,0.0365464,0.000861112,0.0164849
1747396336647275,0.0371855,0.00106706,0.0150412
1747396336647280,0.0378741,0.000964977,0.0137666
1747396336647285,0.0371976,0.00054475,0.0153878
1747396336647299,0.0355045,0.000699812,0.0188937
1747396336647316,0.03647,0.00134392,0.0159792
1747396336647334,0.0368745,0.000560046,0.0160437
1747396336647375,0.0378869,0.000727072,0.0138867
1747396336647376,0.0380745,0.000790505,0.0134857
1747396336647390,0.0354232,0.000740944,0.0190355
1747396336647405,0.0387615,0.000544653,0.01232
1747396336647425,0.0341011,0.00123658,0.0215709
1747396336647441,0.0365519,0.00107746,0.0163056
1747396336647462,0.0356611,0.00129188,0.017648
1747396336647498,0.0346496,0.000947501,0.0206047
1747396336647501,0.0369648,0.000586225,0.0158351
1747396336647503,0.0354859,0.00138035,0.0179382
1747396336647743,0.0381185,0.000396867,0.0136453
1747396336647864,0.0356043,0.000963088,0.01805
1747396336647917,0.0330183,0.00178506,0.0210879
1747396336647934,0.035684,0.00135456,0.0175501
1747396336647955,0.037427,0.000726056,0.0145226
1747396336647961,0.037545,0.000745002,0.0142811
1747396336647965,0.036483,0.000480219,0.0180413
1747396336647977,0.0361399,0.000980689,0.0169126
1747396336647995,0.0323441,0.00196557,0.022308
1747396336648000,0.0378112,0.00130287,0.012569
1747396336648060,0.0360594,0.00102037,0.0170464
1747396336648093,0.0311076,0.0022948,0.0246138
1747396336648098,0.0368008,0.000589609,0.0158683
1747396336648134,0.0372983,0.00135395,0.0134189
1747396336648152,0.0382534,0.000717845,0.0129505
1747396336648158,0.0367011,0.00162991,0.0143162
1747396336648165,0.0356424,0.00122806,0.0177397
1747396336648167,0.0381308,0.000472464,0.0133261
1747396336648170,0.0369805,0.000362701,0.0170095
1747396336648172,0.0362783,0.00192367,0.0149045
1747396336648192,0.0366295,0.000406017,0.017775
1747396336648192,0.0358955,0.00110156,0.0173188
1747396336648209,0.0361548,0.00152371,0.0153287
1747396336648218,0.0373358,0.000844347,0.0146221
1747396336648225,0.0378028,0.000404899,0.0140028
1747396336648226,0.0365819,0.000694308,0.0162334
1747396336648230,0.032682,0.00187387,0.0216946
1747396336648285,0.0358121,0.00114308,0.0174574
1747396336648308,0.0327381,0.00162684,0.0218198
1747396336648340,0.0348644,0.000988347,0.0180862
1747396336648373,0.0339284,0.000918728,0.0200311
1747396336648375,0.0375624,0.000348282,0.015725
1747396336648379,0.0338979,0.000729098,0.0202835
1747396336648505,0.0355054,0.000342944,0.0173519
1747396336648510,0.0369641,0.0015076,0.013921
1747396336648552,0.0330921,0.0013845,0.0213189
1747396336648571,0.0311039,0.00133685,0.0259088
1747396336648589,0.0350938,0.000595291,0.0179569
1747396336648613,0.0327981,0.00181718,0.0215091
1747396336648620,0.0333568,0.0015469,0.020616
1747396336648676,0.0322234,0.00202521,0.0225016
1747396336648697,0.0338829,0.00137067,0.01971
1747396336648699,0.0401443,0.000469739,0.0104291
1747396336648706,0.0320044,0.00206018,0.0229281
1747396336648809,0.0361818,0.000788671,0.0171475
1747396336648881,0.0365566,0.000442846,0.0179074
1747396336648895,0.0400983,0.00041125,0.0105431
1747396336648926,0.036298,0.00131511,0.0164909
1747396336648947,0.0378382,0.000566978,0.0139557
1747396336648971,0.0382648,0.000442857,0.0132083
1747396336648973,0.0366113,0.00140082,0.0145882
1747396336648982,0.0385727,0.000601157,0.0125316
1747396336648987,0.0378695,0.000777303,0.013763
1747396336649044,0.0385122,0.000629186,0.0126296
1747396336649052,0.0383199,0.000491381,0.0130732
1747396336649104,0.0380914,0.000449402,0.0135388
1747396336649120,0.0324906,0.00153596,0.0224419
1747396336649121,0.0363558,0.00106047,0.0165647
1747396336649136,0.0377345,0.000841612,0.0139832
1747396336649162,0.0327635,0.00154317,0.0218511
1747396336649245,0.0384399,0.000510801,0.0128333
1747396336649248,0.0378878,0.00126808,0.0124545
1747396336649365,0.0383794,0.000538666,0.012932
1747396336649367,0.0356725,0.000545518,0.0194911
1747396336649377,0.0375541,0.000775616,0.0143744
1747396336649395,0.0376619,0.000576318,0.0142947
1747396336649429,0.036513,0.000982772,0.0163033
1747396336649430,0.0366372,0.00130043,0.0158248
1747396336649454,0.0313667,0.00216376,0.0241931
1747396336649474,0.0363841,0.000901021,0.0166317
1747396336649501,0.0332523,0.00190208,0.0205133
1747396336649511,0.0364349,0.00102133,0.0164332
1747396336649534,0.0344608,0.00099596,0.0207761
1747396336649538,0.036562,0.000885824,0.0162778
1747396336649541,0.0373224,0.000737254,0.0148555
1747396336649587,0.037325,0.000961836,0.0147003
1747396336649616,0.0340393,0.00115426,0.0215907
1747396336649621,0.0341328,0.00110495,0.0214265
1747396336649628,0.0347264,0.000858564,0.0203113
1747396336649654,0.0373824,0.00101126,0.014557
1747396336649673,0.0362501,0.000686191,0.0170916
1747396336649678,0.0376657,0.00087451,0.0140952
1747396336649762,0.035207,0.000676692,0.019401
1747396336649825,0.0372544,0.000481547,0.0151751
1747396336649878,0.0378215,0.000309632,0.0139892
1747396336649878,0.0378024,0.000809213,0.0138725
1747396336649897,0.036306,0.000939481,0.0167623
1747396336649926,0.0361147,0.00089171,0.0172011
1747396336649946,0.0365916,0.000728394,0.0163408
1747396336649946,0.0374545,0.000976278,0.0144394
1747396336650055,0.0377569,0.000679365,0.0140417
1747396336650063,0.0358375,0.00124614,0.0174861
1747396336650065,0.0380085,0.000384595,0.0135886
1747396336650070,0.0379201,0.00045591,0.0138683
1747396336650176,0.0359646,0.000460157,0.0188895
1747396336650178,0.0360873,0.000527493,0.0185295
1747396336650314,0.0364319,0.00054382,0.0156069
1747396336650316,0.0331441,0.000656724,0.0223577
1747396336650319,0.0347845,0.00114783,0.0183446
1747396336650335,0.0343879,0.00118799,0.0191043
1747396336650376,0.0335781,0.00172673,0.0202732
1747396336650398,0.0378794,0.000362128,0.0138466
1747396336650400,0.0333778,0.000603939,0.0218836
1747396336650410,0.0340392,0.000537154,0.0204765
1747396336650427,0.0357614,0.000344135,0.0170636
1747396336650445,0.0377463,0.00142416,0.0127561
1747396336650471,0.0340352,0.000732622,0.0202745
1747396336650502,0.0369745,0.00160218,0.0140036
1747396336650509,0.0323481,0.00211364,0.0224603
1747396336650578,0.0349689,0.00106146,0.0180498
1747396336650590,0.0374714,0.00136947,0.0132525
1747396336650612,0.0327225,0.00185287,0.0219286
1747396336650689,0.0361795,0.000367648,0.0162208
1747396336650763,0.0339855,0.00049939,0.0206372
1747396336650778,0.0330795,0.00160418,0.0214218
1747396336650802,0.0365205,0.00145877,0.0148771
1747396336650804,0.0326074,0.000860671,0.0233526
1747396336650851,0.0328365,0.00179617,0.0217441
1747396336650851,0.0348772,0.00110431,0.0181963
1747396336650889,0.0339936,0.00137631,0.0197389
1747396336650933,0.0356297,0.000612812,0.0171058
1747396336650943,0.0363557,0.000577512,0.0157279
1747396336650954,0.0321608,0.00206269,0.0229142
1747396336650960,0.0354965,0.000817726,0.0172061
1747396336650963,0.0351087,0.000638719,0.0181245
1747396336650968,0.034402,0.00132882,0.0189561
1747396336650969,0.0353704,0.000659397,0.0175815
1747396336650977,0.0355475,0.000649975,0.0172381
1747396336650982,0.0332953,0.00149826,0.0210711
1747396336650983,0.0334202,0.00136673,0.0209381
1747396336650984,0.0322619,0.000974172,0.0240266
1747396336650985,0.0379774,0.00131702,0.0124089
1747396336651006,0.035286,0.000697864,0.0177177
1747396336651044,0.0345053,0.000779908,0.0192336
1747396336651061,0.0341715,0.000800997,0.0199132
1747396336651066,0.0375504,0.00133292,0.0131332
1747396336651092,0.0323991,0.00194258,0.0225271
1747396336651108,0.0355808,0.000779231,0.0170712
1747396336651120,0.032019,0.00103853,0.0245286
1747396336651148,0.0319108,0.00109344,0.0247147
1747396336651167,0.0348942,0.00117088,0.0181094
1747396336651168,0.0323719,0.00202847,0.0224964
1747396336651168,0.0360119,0.000371492,0.0165455
1747396336651203,0.0325687,0.00207678,0.0220313
1747396336651239,0.0336261,0.00126694,0.0206025
1747396336651267,0.0333598,0.00175854,0.0206902
1747396336651273,0.0324631,0.00176902,0.0225734
1747396336651294,0.0379014,0.00135213,0.0125231
1747396336651313,0.0359781,0.00171531,0.015707
1747396336651356,0.0341975,0.00113435,0.0195401
1747396336651375,0.0376829,0.00136191,0.0128919
1747396336651378,0.0337272,0.00121818,0.0204377
1747396336651409,0.0280015,0.00249687,0.0475798
1747396336651411,0.0337919,0.00162248,0.0199315
1747396336651419,0.0382014,0.00130573,0.0120343
1747396336651435,0.0351913,0.00110723,0.0175781
1747396336651515,0.0379123,0.00125613,0.0125463
1747396336651521,0.0354786,0.000753132,0.0172917
1747396336651523,0.0457862,0.000964165,0.0464798
1747396336651526,0.0328474,0.000801841,0.0228628
1747396336651558,0.0282618,0.00297797,0.0497457
1747396336651587,0.0353247,0.000896497,0.0174807
1747396336651594,0.0329933,0.00157579,0.0216339
1747396336651602,0.0347258,0.00132594,0.0183176
1747396336651622,0.0333856,0.00152567,0.0208549
1747396336651624,0.0365071,0.000510632,0.0154874
1747396336651625,0.0372667,0.00137487,0.013605
1747396336651662,0.0373103,0.00144443,0.0134961
1747396336651664,0.0356642,0.000741317,0.0169379
1747396336651665,0.0341084,0.00110585,0.01975
1747396336651669,0.0363249,0.000518078,0.0158289
1747396336651674,0.0338924,0.00149889,0.0198361
1747396336652369,0.0345016,0.00104862,0.0192513
1747396336652440,0.0327531,0.00191377,0.0221105
1747396336652444,0.0344429,0.000607311,0.0198127
1747396336652444,0.0361825,0.000405853,0.0163909
1747396336652473,0.032728,0.00095484,0.0233215
1747396336652478,0.0359773,0.000857975,0.0164486
1747396336652507,0.0366747,0.000688292,0.0152325
1747396336652515,0.0328291,0.000903761,0.0231476
1747396336652546,0.0338399,0.0013002,0.020402
1747396336652548,0.0343372,0.000989471,0.0196522
1747396336652582,0.0327085,0.00208087,0.0220357
1747396336652618,0.0353811,0.000497152,0.0179333
1747396336652653,0.035622,0.000522324,0.0174186
1747396336652660,0.0321656,0.00221497,0.0230711
1747396336652701,0.0349064,0.00128814,0.0182209
1747396336652753,0.0349991,0.00124368,0.0180722
1747396336652789,0.0357856,0.000872914,0.0168106
1747396336652827,0.0331786,0.00177019,0.0213432
1747396336652862,0.0336064,0.0015565,0.020646
1747396336652960,0.0346396,0.00149258,0.0185874
1747396336652968,0.0340227,0.000744744,0.0205868
1747396336653005,0.0365395,0.00045703,0.0156529
1747396336653044,0.0347026,0.00131171,0.0186093
1747396336653045,0.0324894,0.00101754,0.0238154
1747396336653070,0.0330385,0.00198666,0.0214282
1747396336653072,0.0331432,0.00200806,0.0211882
1747396336653077,0.0325224,0.00105925,0.0236752
1747396336653089,0.0319566,0.00129187,0.0247349
1747396336653110,0.0329781,0.00179978,0.0217427
1747396336653135,0.033382,0.00174042,0.0209416
1747396336653136,0.0350908,0.0011999,0.0179252
1747396336653137,0.0345895,0.00107665,0.0190434
1747396336653144,0.0341122,0.00159942,0.0195593
1747396336653213,0.0364375,0.0015172,0.0151595
1747396336653221,0.0332557,0.00195125,0.0210066
1747396336653246,0.0328663,0.00185633,0.0219255
1747396336653249,0.0363498,0.00155917,0.015295
1747396336653260,0.0364419,0.000429672,0.0158629
1747396336653276,0.0339248,0.00132851,0.0201946
1747396336653285,0.0364658,0.000490048,0.0157717
1747396336653295,0.0329386,0.00196378,0.0216618
1747396336653380,0.0334765,0.00184031,0.0206502
1747396336653416,0.0354705,0.000731277,0.0175481
1747396336653428,0.0357159,0.000617939,0.0171493
1747396336653450,0.035935,0.000379759,0.0169064
1747396336653463,0.0359252,0.000735487,0.0166418
1747396336653491,0.0346116,0.000858044,0.0192003
1747396336653501,0.0382139,0.00129651,0.0121406
1747396336653504,0.0346915,0.00088847,0.0190045
1747396336653507,0.0324051,0.00209163,0.0226796
1747396336653528,0.0342183,0.00118537,0.0197146
1747396336653601,0.0354259,0.00096745,0.0174454
1747396336653602,0.0357435,0.000747124,0.0169907
1747396336653646,0.0352105,0.000712774,0.0180917
1747396336653646,0.033028,0.0008038,0.0228054
1747396336653654,0.0338341,0.00196712,0.0198097
1747396336653672,0.0353187,0.000904653,0.0175491
1747396336653676,0.0349053,0.00124623,0.0180926
1747396336653704,0.0330567,0.000797439,0.0225076
1747396336653709,0.0332209,0.00155721,0.021264
1747396336653709,0.0343326,0.00094708,0.0195171
1747396336653717,0.0332902,0.00166455,0.0210104
1747396336653769,0.0353058,0.000838789,0.0176281
1747396336653799,0.0357712,0.000416148,0.0170486
1747396336653853,0.0340119,0.00160237,0.0195806
1747396336653895,0.0341078,0.00148127,0.0194916
1747396336653925,0.0334316,0.00145303,0.0209205
1747396336653947,0.0364105,0.000551262,0.0156933
1747396336653963,0.0350888,0.00115924,0.0178002
1747396336653971,0.0269085,0.0040643,0.0330851
1747396336653992,0.0363658,0.000644092,0.0157127
1747396336653993,0.0267367,0.00416398,0.0333782
1747396336654001,0.0342394,0.00099159,0.0196696
1747396336654003,0.0335351,0.00140214,0.0207519
1747396336654061,0.0358013,0.000611126,0.0168305
1747396336654061,0.0360099,0.000377524,0.0166049
1747396336654093,0.0361759,0.00151862,0.0155038
1747396336654102,0.0355325,0.000388603,0.017554
1747396336654110,0.0360217,0.000441459,0.0165306
1747396336654170,0.0364852,0.000517916,0.0155741
1747396336654171,0.0352047,0.000606246,0.0180297
1747396336654199,0.0375884,0.00165195,0.012953
1747396336654231,0.0341194,0.00118772,0.0197331
1747396336654247,0.0350557,0.00102771,0.0179711
1747396336654253,0.0320519,0.00221837,0.0230922
1747396336654305,0.035818,0.000674676,0.016748
1747396336654321,0.0370307,0.00154892,0.0139634
1747396336654420,0.0356746,0.000812482,0.0169221
1747396336654502,0.0332129,0.000660955,0.0223195
1747396336654528,0.037278,0.00143213,0.0135884
1747396336654531,0.0340749,0.000737904,0.0202787
1747396336654550,0.0341307,0.00111254,0.0197808
1747396336654557,0.0364418,0.000609959,0.0155919
1747396336654594,0.0363234,0.000737011,0.0157284
1747396336654658,0.036007,0.00151457,0.0158144
1747396336654739,0.0363508,0.00152078,0.0151858
1747396336654769,0.0371967,0.00147041,0.0137117
1747396336654807,0.0343251,0.000750826,0.0208404
1747396336654834,0.035526,0.00109111,0.0178602
1747396336654865,0.0320937,0.00241605,0.0227963
1747396336654868,0.0370799,0.00143681,0.0139328
1747396336654868,0.0331898,0.00121326,0.0229759
1747396336654870,0.0376395,0.000754083,0.0139268
1747396336654873,0.03554,0.000468961,0.018401
1747396336654899,0.0355149,0.0010248,0.0179398
1747396336654901,0.0350944,0.00137822,0.018512
1747396336654942,0.0367245,0.00103182,0.0155023
1747396336654943,0.0348133,0.00151973,0.0189762
1747396336654949,0.0357119,0.00107244,0.0174923
1747396336654973,0.0370101,0.000745007,0.0151414
1747396336654985,0.0376775,0.00051048,0.0140059
1747396336655002,0.0355914,0.000916588,0.0178738
1747396336655009,0.0355996,0.000983318,0.0177989
1747396336655012,0.0374573,0.000464618,0.0144612
1747396336655052,0.0350162,0.00149173,0.018578
1747396336655078,0.0370282,0.000887138,0.0150104
1747396336655084,0.0366855,0.000677647,0.0158305
1747396336655192,0.0368782,0.000958368,0.0152534
1747396336655199,0.0342353,0.000796182,0.0209964
1747396336655229,0.035918,0.000758408,0.017329
1747396336655231,0.0354189,0.000930894,0.018224
1747396336655261,0.0354938,0.00132791,0.0177319
1747396336655266,0.0354187,0.000861758,0.0182873
1747396336655274,0.0356744,0.000876151,0.0177352
1747396336655298,0.0356094,0.00134611,0.0174831
1747396336655301,0.0370538,0.000799299,0.0150194
1747396336655367,0.0341445,0.000842202,0.0211541
1747396336655368,0.0354292,0.00106692,0.0180823
1747396336655372,0.0369061,0.000868996,0.0152594
1747396336655386,0.0331491,0.0011746,0.0231297
1747396336655407,0.035316,0.000512716,0.0188496
1747396336655478,0.0361561,0.00130764,0.0164226
1747396336655495,0.0333887,0.00110909,0.022628
1747396336655507,0.0374196,0.00040971,0.0145721
1747396336655542,0.0356958,0.00100791,0.0175788
1747396336655585,0.0377278,0.000561786,0.0138774
1747396336655603,0.0353342,0.000903127,0.0184292
1747396336655648,0.0359289,0.000823485,0.0172515
1747396336655688,0.0352984,0.000585916,0.0188136
1747396336655752,0.036937,0.000779355,0.0152605
1747396336655760,0.0364884,0.000627508,0.0162655
1747396336655776,0.035878,0.000419973,0.0190454
1747396336655823,0.0351738,0.00051801,0.0191607
1747396336655856,0.0362782,0.000255461,0.018116
1747396336655857,0.0336788,0.000958421,0.0221204
1747396336655865,0.0377077,0.000722471,0.013817
1747396336655879,0.0368309,0.000904649,0.0153816
1747396336655892,0.0359035,0.00127707,0.0169449
1747396336656000,0.0366,0.00101495,0.0157568
1747396336656036,0.0362601,0.000735709,0.0166438
1747396336656058,0.0378418,0.000660673,0.0136012
1747396336656079,0.0367125,0.000885578,0.0156265
1747396336656110,0.0363202,0.00107379,0.0162659
1747396336656131,0.0367882,0.000849631,0.0155031
1747396336656139,0.0390791,0.000341484,0.0122288
1747396336656143,0.0345201,0.00077791,0.0203567
1747396336656146,0.0334865,0.00105813,0.0224569
1747396336656146,0.0379077,0.00063047,0.0134952
1747396336656172,0.0355022,0.000821001,0.0181471
1747396336656181,0.0360732,0.00119386,0.0166684
1747396336656244,0.0352546,0.0011531,0.0183724
1747396336656248,0.0332898,0.00116079,0.022801
1747396336656278,0.0330483,0.00122781,0.0233068
1747396336656284,0.0375704,0.00078618,0.0140379
1747396336656289,0.0363235,0.00122574,0.0161516
1747396336656457,0.0394217,0.000455183,0.0115739
1747396336656537,0.0389522,0.000368595,0.012344
1747396336656884,0.0390099,0.000342896,0.0122478
1747396336656967,0.0331558,0.00130813,0.0213588
1747396336656984,0.03606,0.00052714,0.0161873
1747396336656985,0.033297,0.00144915,0.0209185
1747396336656994,0.0333647,0.001708,0.0205368
1747396336656996,0.0349308,0.000749668,0.0182202
1747396336656997,0.0347701,0.00103905,0.0182969
1747396336657014,0.0345837,0.00112594,0.018594
1747396336657027,0.0390867,0.000387444,0.0120777
1747396336657051,0.0350302,0.000846455,0.0179412
1747396336657122,0.0320475,0.00206595,0.0229353
1747396336657125,0.0378991,0.00132087,0.0124382
1747396336657129,0.0326929,0.00160335,0.0220396
1747396336657153,0.03513,0.000873076,0.0177232
1747396336657157,0.0376811,0.00132982,0.0128039
1747396336657203,0.0351871,0.000494429,0.0179263
1747396336657204,0.0321393,0.00209222,0.022712
1747396336657227,0.0330379,0.00179328,0.0211267
1747396336657237,0.0318777,0.000996601,0.0246744
1747396336657244,0.0344888,0.00117039,0.0187453
1747396336657273,0.0342905,0.00119042,0.0191241
1747396336657296,0.0332339,0.00133924,0.0211606
1747396336657306,0.0331283,0.00139045,0.0213322
1747396336657339,0.0384111,0.000288753,0.0134801
1747396336657374,0.0373098,0.00141047,0.0134022
1747396336657376,0.0360072,0.000623152,0.0162179
1747396336657380,0.0325025,0.00162802,0.0224237
1747396336657406,0.0335434,0.00119024,0.0206577
1747396336657422,0.0358631,0.000471192,0.016609
1747396336657436,0.037111,0.0015946,0.0136578
1747396336657442,0.0337437,0.00109462,0.0203323
1747396336657458,0.0385681,0.000217025,0.0132233
1747396336657509,0.0322601,0.00203174,0.0225178
1747396336657518,0.0329132,0.00149526,0.0216816
1747396336657544,0.0354629,0.00157615,0.0165908
1747396336657586,0.0342051,0.00137857,0.0191347
1747396336657588,0.0359597,0.000499631,0.0164005
1747396336657589,0.0362861,0.00170913,0.0150344
1747396336657642,0.0318013,0.00219007,0.0233327
1747396336657646,0.0339966,0.00140332,0.0195297
1747396336657662,0.0340731,0.000802927,0.0199299
1747396336657683,0.0375238,0.0014023,0.0130396
1747396336657722,0.0348455,0.000859693,0.0182969
1747396336657724,0.0357943,0.00167595,0.0159279
1747396336657756,0.0260357,0.00423322,0.0345638
1747396336657761,0.0338616,0.00097013,0.0202081
1747396336657762,0.033602,0.000510343,0.0212705
1747396336657764,0.0369023,0.00142033,0.0141029
1747396336657774,0.0353037,0.000793807,0.0174463
1747396336657861,0.0376661,0.00142828,0.0127862
1747396336657865,0.0364344,0.00146233,0.0149041
1747396336657871,0.031878,0.00200931,0.0233636
1747396336657873,0.0339959,0.00125726,0.0196598
1747396336657911,0.032835,0.00146439,0.0218817
1747396336657938,0.0311733,0.00229785,0.02459
1747396336657941,0.0336441,0.00114206,0.020494
1747396336657942,0.037228,0.00144836,0.0135251
1747396336657945,0.0323793,0.00197221,0.022326
1747396336657945,0.0322876,0.00194572,0.0225479
1747396336658007,0.0318381,0.00209995,0.0233506
1747396336658009,0.0358459,0.000834342,0.017581
1747396336658070,0.0373304,0.000413354,0.0148811
1747396336658087,0.0379824,0.000628646,0.0134759
1747396336658090,0.0352798,0.0013299,0.0183414
1747396336658112,0.0319987,0.00194856,0.0231674
1747396336658121,0.0376004,0.00043284,0.0143352
1747396336658149,0.0371824,0.000850211,0.0148713
1747396336658177,0.0380464,0.000675847,0.0133275
1747396336658180,0.0322358,0.00182988,0.0227822
1747396336658184,0.0353417,0.000943049,0.0185556
1747396336658184,0.0366385,0.000324023,0.0171435
1747396336658226,0.0370908,0.000743068,0.0151227
1747396336658227,0.0328862,0.00157853,0.0216534
1747396336658227,0.0331393,0.00135617,0.0231582
1747396336658259,0.0330363,0.001411,0.0233388
1747396336658273,0.0366943,0.000710886,0.0159353
1747396336658324,0.0317678,0.00227958,0.0233098
1747396336658330,0.0346516,0.000696573,0.0203568
1747396336658362,0.0379878,0.000550499,0.0135128
1747396336658383,0.0372776,0.000729753,0.0147661
1747396336658396,0.0325497,0.00174423,0.0221983
1747396336658400,0.0357733,0.00094035,0.0176418
1747396336658424,0.0360728,0.00154469,0.0155031
1747396336658433,0.0356752,0.000778947,0.0179918
1747396336658460,0.0326146,0.00157263,0.0222408
1747396336658471,0.0374435,0.00143946,0.0131599
1747396336658491,0.0352678,0.00126283,0.0184243
1747396336658525,0.0340626,0.000934294,0.0214602
1747396336658528,0.0337912,0.0015017,0.0198571
1747396336658565,0.0367613,0.000975337,0.0156103
1747396336658575,0.0358686,0.000965096,0.0174223
1747396336658578,0.0363586,0.00158548,0.0149719
1747396336658602,0.032267,0.00324667,0.0214416
1747396336658603,0.0359215,0.000457888,0.0177607
1747396336658614,0.0354753,0.00130575,0.0179549
1747396336658627,0.0359059,0.00109216,0.0172415
1747396336658642,0.0332615,0.000793252,0.0221602
1747396336658667,0.0350513,0.000690743,0.0183423
1747396336658671,0.0337082,0.00169208,0.0201999
1747396336658686,0.031713,0.001411,0.0250576
1747396336658715,0.0355434,0.000597283,0.0174199
1747396336658715,0.0356849,0.000883525,0.0169064
1747396336658716,0.0235894,0.00596769,0.0394337
1747396336658780,0.0327967,0.000909206,0.0231124
1747396336658785,0.0373331,0.00155775,0.0134626
1747396336658802,0.0377272,0.00137068,0.0128669
1747396336658816,0.0349767,0.00114547,0.0180987
1747396336658849,0.0360937,0.00171388,0.0155811
1747396336658867,0.0353799,0.000604879,0.0177449
1747396336658879,0.0361991,0.000504938,0.0161911
1747396336658922,0.0338684,0.000992445,0.0205531
1747396336658928,0.0325148,0.00215112,0.0222669
1747396336658928,0.0358486,0.000807485,0.0166447
1747396336658943,0.0333383,0.00159151,0.0210735
1747396336658955,0.0359351,0.000417836,0.0167831
1747396336658960,0.0339072,0.000595874,0.0209149
1747396336658968,0.0332791,0.00190722,0.0208903
1747396336658981,0.0380742,0.00147858,0.0122258
1747396336658990,0.0339551,0.000633751,0.020762
1747396336658992,0.0330915,0.000760671,0.0226071
1747396336658997,0.035568,0.000794706,0.0172069
1747396336659000,0.0360197,0.000447722,0.01659
1747396336659056,0.0320143,0.0011968,0.0246259
1747396336659066,0.032973,0.00191705,0.0215251
1747396336659072,0.0340786,0.00108879,0.0200007
1747396336659108,0.0270923,0.00409709,0.0327726
1747396336659131,0.0367848,0.00173161,0.0143367
1747396336659131,0.0338122,0.00164037,0.0200326
1747396336659142,0.0369592,0.00183016,0.0139835
1747396336659147,0.0334427,0.000823657,0.0217004
1747396336659164,0.0357474,0.000782544,0.0168622
1747396336659168,0.035777,0.000422115,0.0170973
1747396336659179,0.0383691,0.00133923,0.0117841
1747396336659207,0.0344246,0.00148576,0.0189217
1747396336659208,0.0316486,0.0023888,0.0239074
1747396336659215,0.0347011,0.00127789,0.0185407
1747396336659266,0.0324871,0.00195363,0.0225363
1747396336659269,0.0363622,0.000295101,0.0179665
1747396336659307,0.0334129,0.000658959,0.021979
1747396336659380,0.035215,0.000840805,0.0176465
1747396336659423,0.0338029,0.00158363,0.0198394
1747396336659451,0.0314473,0.00132485,0.0254135
1747396336659456,0.0316444,0.00223048,0.023744
1747396336659460,0.0335924,0.00168637,0.0201748
1747396336659496,0.0234347,0.00574909,0.0395522
1747396336659517,0.0344999,0.00124826,0.0187284
1747396336659525,0.0338241,0.000943003,0.0204067
1747396336659535,0.0319329,0.00201362,0.023353
1747396336659549,0.0392766,0.000387398,0.0118565
1747396336659551,0.0370953,0.00175835,0.0136391
1747396336659570,0.0367962,0.000288071,0.0170005
1747396336659606,0.0376608,0.000720332,0.0144673
1747396336659624,0.0383586,0.000390286,0.0133033
1747396336659639,0.0381492,0.000788433,0.013466
1747396336659640,0.032898,0.00166746,0.0216354
1747396336659662,0.0366829,0.000978377,0.0162661
1747396336659728,0.0323306,0.00195139,0.0225542
1747396336659760,0.0360062,0.00033739,0.0187422
1747396336659770,0.0315665,0.00220114,0.0239502
1747396336659798,0.0378643,0.000405577,0.0142758
1747396336659802,0.0327217,0.00197026,0.0217044
1747396336659815,0.0330386,0.00127064,0.0215486
1747396336659833,0.0382189,0.000603123,0.0134432
1747396336659834,0.037625,0.000888399,0.0144273
1747396336659835,0.0260505,0.00437089,0.03454
1747396336659835,0.0357558,0.00061761,0.0186002
1747396336659839,0.0362453,0.00148174,0.015191
1747396336659840,0.0341857,0.00122828,0.0192275
1747396336659842,0.0385821,0.000433265,0.0128415
1747396336659848,0.0367309,0.000881703,0.0162419
1747396336659856,0.0379547,0.000805054,0.0138334
1747396336659879,0.036976,0.000618805,0.0159387
1747396336659906,0.0358689,0.000340261,0.0190607
1747396336659910,0.0377495,0.000604081,0.014369
1747396336659918,0.0374938,0.00144811,0.0130431
1747396336659961,0.0319864,0.00185385,0.0231863
1747396336659972,0.0358118,0.000562819,0.0165808
1747396336659977,0.0318667,0.000895226,0.0246918
1747396336659986,0.0346598,0.000651394,0.0187797
1747396336660005,0.0363658,0.0016036,0.0149133
1747396336660023,0.033633,0.00105717,0.0205111
1747396336660094,0.0348348,0.000783177,0.0183131
1747396336660103,0.0358531,0.000400943,0.0166242
1747396336660104,0.0341996,0.000329458,0.0200582
1747396336660120,0.034744,0.000682801,0.0185813
1747396336660120,0.0334644,0.00149537,0.020444
1747396336660121,0.0344476,0.000476522,0.0193813
1747396336660127,0.036061,0.00147994,0.0155203
1747396336660135,0.0372679,0.00145932,0.0134223
1747396336660196,0.0352581,0.00159734,0.0169054
1747396336660218,0.0324552,0.00162293,0.0224248
1747396336660239,0.0391444,0.000368921,0.0121199
1747396336660258,0.0335322,0.00110474,0.020675
1747396336660261,0.0354245,0.000378495,0.0174824
1747396336660264,0.0315145,0.00101452,0.0253843
1747396336660280,0.0369641,0.0015076,0.013921
1747396336660302,0.0365743,0.00159717,0.0145523
1747396336660306,0.0350988,0.00066385,0.0178895
1747396336660332,0.0342437,0.0012368,0.0198849
1747396336660333,0.0368365,0.000571897,0.0151866
1747396336660334,0.0329849,0.00103726,0.0229726
1747396336660376,0.0326442,0.0011544,0.0236439
1747396336660392,0.0359929,0.00096327,0.0165443
1747396336660392,0.0378841,0.00136326,0.0128118
1747396336660394,0.0327468,0.0011012,0.0234662
1747396336660394,0.036804,0.000514623,0.0152898
1747396336660424,0.0329453,0.00210777,0.0218075
1747396336660428,0.0369555,0.00172284,0.0142782
1747396336660439,0.0365468,0.000213268,0.0173028
1747396336660440,0.034612,0.000722217,0.019609
1747396336660514,0.0360741,0.000924946,0.0164136
1747396336660520,0.0344612,0.000993557,0.0196591
1747396336660535,0.0379401,0.00142601,0.0126854
1747396336660585,0.0334716,0.000789508,0.0221325
1747396336660611,0.0346188,0.00148016,0.0188805
1747396336660615,0.0357991,0.000556989,0.0172569
1747396336660622,0.0386589,0.00126536,0.0115151
1747396336660622,0.032529,0.00218078,0.0226399
1747396336660641,0.0350209,0.000738064,0.0207426
1747396336660644,0.0363111,0.00059765,0.0161938
1747396336660647,0.0329642,0.00202576,0.0218499
1747396336660651,0.0354009,0.000600208,0.0199743
1747396336660668,0.0362115,0.000368556,0.0182366
1747396336660670,0.0393723,0.000557549,0.0115656
1747396336660678,0.0333803,0.00195663,0.0210257
1747396336660691,0.0342177,0.00146066,0.019727
1747396336660693,0.0351765,0.00120684,0.0179772
1747396336660702,0.036908,0.000539412,0.0150715
1747396336660707,0.0344325,0.00114364,0.0195732
1747396336660743,0.0360803,0.000704634,0.0165689
1747396336660771,0.0367346,0.000438989,0.0170389
1747396336660781,0.0357434,0.00108181,0.0169458
1747396336660806,0.0345162,0.00117171,0.0193692
1747396336660826,0.039317,0.000583446,0.0116572
1747396336660828,0.0381627,0.00159621,0.0122283
1747396336660863,0.0346088,0.0011263,0.0192168
1747396336660874,0.0338238,0.00158671,0.0204398
1747396336660907,0.0362461,0.000420291,0.018166
1747396336660910,0.0328482,0.00104876,0.0232906
1747396336660933,0.0333151,0.00177413,0.0213462
1747396336660957,0.0351051,0.000693609,0.0205889
1747396336660958,0.0365911,0.000831124,0.0157603
1747396336660969,0.0344029,0.00066383,0.0205476
1747396336660974,0.0354816,0.000558288,0.0198276
1747396336661014,0.0361441,0.0006111,0.016825
1747396336661093,0.0348904,0.000746391,0.0210593
1747396336661095,0.0364791,0.000594213,0.0161593
1747396336661111,0.0367811,0.000668651,0.0155037
1747396336661134,0.0371853,0.00141272,0.0137284
1747396336661137,0.0354253,0.000712722,0.0197828
1747396336661177,0.0390893,0.00069109,0.0120344
1747396336661187,0.0368171,0.00149559,0.0143319
1747396336661202,0.0359797,0.000619466,0.0171559
1747396336661230,0.038127,0.00134007,0.0121457
1747396336661237,0.0351277,0.00146642,0.0181988
1747396336661242,0.0388432,0.000420806,0.0126603
1747396336661269,0.0346077,0.00135894,0.0193708
1747396336661280,0.0358367,0.00111774,0.0170432
1747396336661315,0.0356942,0.00126227,0.0172176
1747396336661335,0.0360828,0.000567488,0.0183911
1747396336661378,0.0349358,0.00078317,0.020898
1747396336661415,0.0342162,0.00162878,0.0199516
1747396336661418,0.0346477,0.00170753,0.0189809
1747396336661435,0.0378432,0.00136242,0.0131043
1747396336661437,0.0391582,0.000501782,0.0120033
1747396336661438,0.0347018,0.00131183,0.0192149
1747396336661449,0.036449,0.000448528,0.0176721
1747396336661455,0.0366219,0.00149871,0.0146753
1747396336661471,0.0378191,0.00148342,0.0126069
1747396336661507,0.0392904,0.000517515,0.0117418
1747396336661533,0.0341152,0.00168027,0.0201183
1747396336661545,0.0317052,0.00222286,0.0237331
1747396336661559,0.0365573,0.0007734,0.0158686
1747396336661579,0.0367227,0.000551867,0.0157048
1747396336661585,0.0355643,0.000704156,0.0194597
1747396336662716,0.0324554,0.00196231,0.0222861
1747396336662759,0.0353834,0.000718666,0.0174435
1747396336662811,0.0323562,0.000823337,0.0238637
1747396336662827,0.0354313,0.000344618,0.0176583
1747396336662858,0.0353141,0.000823225,0.0174968
1747396336662859,0.0326987,0.000714548,0.0231954
1747396336662866,0.0330085,0.00140345,0.0216805
1747396336662879,0.0359839,0.000745262,0.0162645
1747396336662882,0.0322185,0.00179183,0.0229724
1747396336662883,0.0338541,0.000929683,0.0203661
1747396336662903,0.0313162,0.00123012,0.0258266
1747396336662904,0.0334571,0.0016205,0.0205333
1747396336662922,0.0360824,0.000552863,0.0162146
1747396336662975,0.0316545,0.00105799,0.0252428
1747396336662985,0.0321819,0.00188072,0.0229553
1747396336663003,0.0359392,0.000399421,0.0166067
1747396336663014,0.0336573,0.00102276,0.020689
1747396336663017,0.0347877,0.00177718,0.0178094
1747396336663020,0.0332432,0.00164949,0.0209452
1747396336663021,0.0337805,0.000896357,0.0205559
1747396336663067,0.0347896,0.00113883,0.0182753
1747396336663078,0.0349344,0.00085032,0.0182239
1747396336663080,0.0325737,0.00190368,0.0220951
1747396336663103,0.0357681,0.000403994,0.0169384
1747396336663108,0.0338336,0.00100816,0.0203312
1747396336663128,0.0355117,0.00030898,0.0175271
1747396336663131,0.0348387,0.00082217,0.018439
1747396336663149,0.0345083,0.000625141,0.0192924
1747396336663158,0.0352267,0.000863011,0.0176367
1747396336663193,0.035925,0.000335098,0.0166851
1747396336663228,0.034284,0.00122578,0.019207
1747396336663230,0.0361608,0.000518371,0.0160897
1747396336663262,0.0357872,0.00155942,0.0161007
1747396336663272,0.032822,0.00142482,0.0220594
1747396336663281,0.0343886,0.000479829,0.0196877
1747396336663293,0.0359569,0.000463036,0.0165234
1747396336663360,0.0372165,0.00142558,0.0136372
1747396336663373,0.037593,0.0013434,0.0130269
1747396336663377,0.0347732,0.000504075,0.0188577
1747396336663399,0.0329063,0.00181404,0.0214873
1747396336663423,0.0321746,0.00225249,0.0225897
1747396336663438,0.033716,0.00113358,0.0204549
1747396336663449,0.0326906,0.00184598,0.0219066
1747396336663455,0.0337801,0.00154026,0.0199494
1747396336663464,0.0345738,0.00109006,0.0187422
1747396336663497,0.0367395,0.000400707,0.0171657
1747396336663509,0.0375133,0.00138005,0.013147
1747396336663566,0.0322211,0.000831672,0.0241798
1747396336663597,0.0371331,0.00146423,0.0137633
1747396336663636,0.0337106,0.000862118,0.0207411
1747396336663657,0.0359514,0.000684846,0.0163697
1747396336663662,0.0356731,0.000306484,0.0172062
1747396336663664,0.0326782,0.00156472,0.0222207
1747396336663674,0.034958,0.000986108,0.0180663
1747396336663685,0.0349443,0.000918642,0.0181479
1747396336663719,0.0360413,0.000421317,0.0187505
1747396336663730,0.0333579,0.00189865,0.0204896
1747396336663741,0.0332532,0.00157087,0.0209985
1747396336663754,0.0359725,0.00147275,0.0158155
1747396336663828,0.0320999,0.00185087,0.0231662
1747396336663844,0.0351903,0.000662026,0.0178714
1747396336663850,0.0327652,0.000622826,0.0231626
1747396336663861,0.0336346,0.00110249,0.0206567
1747396336663909,0.0356186,0.000510135,0.0196624
1747396336663919,0.0346681,0.00104621,0.018591
1747396336663948,0.0358697,0.000721273,0.0164994
1747396336663954,0.0370076,0.0014316,0.0139972
1747396336663977,0.0336826,0.00094262,0.0207171
1747396336663977,0.0355384,0.000551436,0.0198087
1747396336663979,0.0330903,0.00143397,0.0214747
1747396336664001,0.0327896,0.00151013,0.0220385
1747396336664033,0.0323004,0.00182175,0.0227622
1747396336664053,0.0352109,0.000796827,0.0177203
1747396336664064,0.039294,0.000490373,0.0118287
1747396336664074,0.0394304,0.000505543,0.01156
1747396336664079,0.0332495,0.00121764,0.021358
1747396336664116,0.0355251,0.00109962,0.0179237
1747396336664156,0.035706,0.00108132,0.0175628
1747396336664157,0.0320268,0.00202987,0.0231308
1747396336664171,0.0367994,0.000767145,0.0155907
1747396336664230,0.0355175,0.00103281,0.017998
1747396336664240,0.0381158,0.00128849,0.012162
1747396336664248,0.0355849,0.00174209,0.0163599
1747396336664287,0.0341245,0.00188676,0.0201828
1747396336664307,0.0334554,0.00111269,0.0225933
1747396336664326,0.0312799,0.00219457,0.0245892
1747396336664335,0.0341513,0.000809735,0.0212949
1747396336664345,0.0378902,0.00129905,0.0125394
1747396336664351,0.0335518,0.00106187,0.022424
1747396336664376,0.034428,0.0017288,0.0196801
1747396336664404,0.0378168,0.00051054,0.0137803
1747396336664454,0.0354065,0.000557307,0.0201247
1747396336664479,0.0362397,0.000680136,0.0167933
1747396336664481,0.0393756,0.000531065,0.0116515
1747396336664482,0.0331228,0.00193584,0.0209313
1747396336664518,0.0349956,0.00136542,0.0188039
1747396336664525,0.0373813,0.000863304,0.0143911
1747396336664534,0.0368409,0.000969527,0.0153661
1747396336664546,0.0365312,0.00096936,0.0159766
1747396336664547,0.039349,0.00046485,0.0117366
1747396336664572,0.0356845,0.000950303,0.0177195
1747396336664573,0.0355495,0.000546064,0.0183858
1747396336664581,0.0362532,0.00160383,0.015237
1747396336664598,0.0370978,0.00157297,0.0137731
1747396336664605,0.0369803,0.000754154,0.0152421
1747396336664609,0.0377349,0.00137026,0.0127727
1747396336664613,0.035947,0.000533547,0.0188515
1747396336664613,0.0345258,0.0015339,0.019652
1747396336664681,0.0369076,0.000788686,0.015361
1747396336664695,0.0337835,0.00100029,0.0219385
1747396336664697,0.0370164,0.000664323,0.0152347
1747396336664699,0.0372611,0.00047832,0.0148836
1747396336664702,0.0354499,0.00120863,0.0179871
1747396336664714,0.0329568,0.00137815,0.0234686
1747396336664724,0.0367687,0.000709492,0.0156943
1747396336664739,0.0348155,0.00152937,0.0190382
1747396336664746,0.0366082,0.000932126,0.0158506
1747396336664773,0.0390791,0.000341484,0.0122288
1747396336664799,0.0365684,0.00102591,0.0158621
1747396336664840,0.036916,0.00093343,0.0152441
1747396336664851,0.0377255,0.000701539,0.0138354
1747396336664887,0.0376868,0.000570367,0.0139915
1747396336664953,0.0363304,0.00114197,0.01625
1747396336664971,0.0328537,0.00143361,0.0236496
1747396336664975,0.0341062,0.000893437,0.0212975
1747396336664975,0.0369134,0.000640983,0.0154561
1747396336664985,0.0370198,0.000809107,0.0151263
1747396336664995,0.0376709,0.000651874,0.0139703
1747396336665008,0.0358302,0.000464814,0.0192043
1747396336665011,0.0368729,0.000879196,0.0153659
1747396336665022,0.0384149,0.000256588,0.01358
1747396336665034,0.0351256,0.000563638,0.0193129
1747396336665065,0.0365313,0.00111956,0.015869
1747396336665111,0.0358807,0.00128859,0.0170404
1747396336665118,0.0351638,0.00164984,0.0182125
1747396336665142,0.0374665,0.000526335,0.0144468
1747396336665194,0.0380061,0.00137776,0.0129461
1747396336665221,0.0362492,0.00118186,0.0163825
1747396336665310,0.0364532,0.00100716,0.0161041
1747396336665319,0.0375214,0.000797124,0.0141649
1747396336665330,0.0366844,0.00089545,0.0157261
1747396336665337,0.0347204,0.00157807,0.0191958
1747396336665357,0.0368341,0.00082374,0.0154813
1747396336665375,0.0384927,0.000345353,0.0134487
1747396336665393,0.0339195,0.00192111,0.0205924
1747396336665401,0.0344628,0.000710953,0.0206758
1747396336665405,0.0357949,0.00133133,0.0171807
1747396336665450,0.0381158,0.000749712,0.0130734
1747396336665488,0.0369104,0.000431513,0.0156203
1747396336665493,0.0368837,0.00153079,0.0146323
1747396336665500,0.0332593,0.00121656,0.0229376
1747396336665502,0.0350865,0.00131942,0.0186528
1747396336665534,0.0338065,0.00178874,0.0204785
1747396336665551,0.0330572,0.000995061,0.023103
1747396336665583,0.0331527,0.00212603,0.021551
1747396336665604,0.0350132,0.00140405,0.0183134
1747396336665630,0.0361083,0.000801541,0.0165898
1747396336665633,0.0363055,0.000337064,0.0181358
1747396336665644,0.0325481,0.00126096,0.0239908
1747396336665675,0.0326202,0.00116508,0.0239503
1747396336665702,0.0352871,0.00126936,0.0178683
1747396336665703,0.0349276,0.000486155,0.0193568
1747396336665732,0.0353093,0.00133324,0.0177727
1747396336665733,0.0361604,0.00092279,0.0163944
1747396336665733,0.0347155,0.00147737,0.0188601
1747396336665737,0.0334858,0.00195339,0.0210046
1747396336665777,0.0369881,0.000537755,0.0150537
1747396336665783,0.0362862,0.000506459,0.0164657
1747396336665797,0.0360287,0.000839138,0.0167195
1747396336665809,0.0336165,0.000826885,0.0219712
1747396336665823,0.0389837,0.00132638,0.0110326
1747396336665830,0.0365405,0.00169908,0.0151672
1747396336665831,0.0327903,0.00119261,0.0234849
1747396336665833,0.0361679,0.000339924,0.0184514
1747396336665880,0.0346192,0.00152539,0.019017
1747396336665885,0.0336699,0.000740233,0.0219563
1747396336665943,0.0368173,0.000838056,0.0151777
1747396336665949,0.0359013,0.000686407,0.0170996
1747396336665960,0.0347037,0.000531781,0.019807
1747396336665962,0.036092,0.000377616,0.0185884
1747396336665977,0.0344231,0.0016237,0.0193366
1747396336665984,0.0370486,0.00145071,0.0143753
1747396336666003,0.0349389,0.00151603,0.0183725
1747396336666021,0.0362206,0.000445034,0.0182213
1747396336666031,0.0332287,0.00180018,0.0217186
1747396336666053,0.0343308,0.00130966,0.0198189
1747396336666069,0.0338237,0.00163582,0.0205891
1747396336666116,0.034216,0.00158092,0.0198068
1747396336666172,0.0335888,0.00197406,0.0207657
1747396336666213,0.035571,0.00077346,0.0177034
1747396336666213,0.0340753,0.000717444,0.0210275
1747396336666232,0.0336968,0.00191851,0.0205891
1747396336666235,0.0364927,0.000621776,0.015963
1747396336666272,0.0372517,0.000637637,0.0144808
1747396336666273,0.0373377,0.00148401,0.0138346
1747396336666279,0.0332938,0.00190769,0.021464
1747396336666303,0.0332651,0.00206757,0.0213665
1747396336666319,0.0352346,0.000865738,0.0183213
1747396336666336,0.0369937,0.00068156,0.0149444
1747396336666376,0.0367306,0.000328308,0.0171806
1747396336666378,0.0345201,0.00121544,0.0195053
1747396336666380,0.0382387,0.00131637,0.0123189
1747396336666408,0.0353763,0.00122583,0.0177235
1747396336666427,0.0339166,0.00166017,0.0203667
1747396336666434,0.0370247,0.000593722,0.0149443
1747396336666450,0.0362433,0.000666636,0.0164249
1747396336666483,0.0349798,0.000920571,0.0188077
1747396336666487,0.0354263,0.00135156,0.0175248
1747396336666533,0.0346106,0.00145599,0.019095
1747396336666548,0.0364344,0.000724262,0.0162991
1747396336666581,0.0387809,0.000362484,0.0128654
1747396336666587,0.0375117,0.000736794,0.0141797
1747396336666598,0.0348922,0.00119164,0.0191054
1747396336666610,0.0375806,0.000704852,0.0140685
1747396336666610,0.0375655,0.000488052,0.0142359
1747396336666617,0.0367904,0.00149063,0.0148258
1747396336666619,0.0349915,0.00135652,0.0187457
1747396336666662,0.0330539,0.00210442,0.0217864
1747396336666673,0.038448,0.00130637,0.0119591
1747396336666678,0.0345886,0.000618636,0.0203825
1747396336666685,0.0392296,0.00046452,0.0119358
1747396336666709,0.0329091,0.00124225,0.0236357
1747396336666714,0.0347985,0.00130934,0.0191961
1747396336666718,0.0386648,0.000340661,0.0131085
1747396336666727,0.0353424,0.00110968,0.0182265
1747396336666736,0.0354292,0.00106692,0.0180823
1747396336666787,0.0364399,0.000403319,0.0177629
1747396336666843,0.0347998,0.00138041,0.0191285
1747396336666870,0.0372519,0.000414848,0.0148979
1747396336666883,0.0355073,0.000957635,0.0180139
1747396336666893,0.033472,0.0018921,0.0208056
1747396336666914,0.0343169,0.00118303,0.0196962
1747396336666949,0.0330373,0.000851497,0.0229617
1747396336666963,0.0330326,0.00204122,0.0215913
1747396336666993,0.0353019,0.000710928,0.0180746
1747396336667042,0.0323638,0.00108022,0.0242998
1747396336667119,0.0387345,0.00126764,0.0113636
1747396336667121,0.0345146,0.00101739,0.0194365
1747396336667127,0.0348801,0.0011959,0.0185182
1747396336667134,0.0349446,0.000477717,0.0190493
1747396336667140,0.0357684,0.000846791,0.0170178
1747396336667169,0.0382176,0.00132692,0.0122226
1747396336667172,0.0342658,0.00100154,0.019983
1747396336667201,0.0344123,0.00149768,0.0192139
1747396336667204,0.0359551,0.000832741,0.0166596
1747396336667223,0.0329178,0.00210001,0.0217784
1747396336667235,0.0339023,0.00175064,0.0200397
1747396336667238,0.0345267,0.000942935,0.0194826
1747396336667252,0.0342121,0.00159648,0.0195381
1747396336667263,0.0391546,0.000457091,0.0121473
1747396336667271,0.0323929,0.00112277,0.0241631
1747396336667288,0.0333098,0.000833618,0.0223319
1747396336667309,0.0324681,0.00102629,0.024118
1747396336667318,0.0360912,0.00069697,0.016495
1747396336667324,0.0322791,0.00221158,0.0230501
1747396336667358,0.0348132,0.00137645,0.0185031
1747396336667363,0.0372447,0.00142948,0.0138782
1747396336667371,0.0345416,0.000867956,0.0195243
1747396336667388,0.0335018,0.000737814,0.0220016
1747396336667389,0.0328894,0.00182623,0.0221204
1747396336667402,0.0361261,0.00046098,0.0185979
1747396336667403,0.0343128,0.00154669,0.019375
1747396336667462,0.0330857,0.00179681,0.0217227
1747396336667465,0.0370702,0.000694923,0.0146147
1747396336667465,0.034796,0.000813587,0.0190363
1747396336667480,0.0378391,0.00150671,0.012798
1747396336667514,0.0346934,0.0012863,0.0188215
1747396336667519,0.0340081,0.0005492,0.0210566
1747396336667531,0.0345981,0.00104642,0.0192333
1747396336667534,0.0359316,0.00077075,0.0167534
1747396336667543,0.036451,0.000461313,0.0159655
1747396336667545,0.0379936,0.00143296,0.0125631
1747396336667553,0.0341502,0.0018565,0.0194438
1747396336667593,0.0361048,0.000408736,0.0166959
1747396336667615,0.0356305,0.000557614,0.0175336
1747396336667649,0.0365246,0.000428141,0.0158458
1747396336667660,0.0333254,0.00160501,0.0214004
1747396336667666,0.0317447,0.0023501,0.0240917
1747396336667669,0.0361919,0.000438361,0.0164972
1747396336667672,0.0329381,0.000901804,0.0231337
1747396336667686,0.0335161,0.00157945,0.0210143
1747396336667691,0.0328045,0.000911308,0.0234479
1747396336667701,0.0354157,0.000641007,0.020109
1747396336667728,0.0344995,0.00116449,0.0193303
1747396336667739,0.0356531,0.000756779,0.0173202
1747396336667746,0.035471,0.000701044,0.0177361
1747396336667757,0.0330004,0.00176963,0.0219371
1747396336667766,0.034739,0.000446672,0.0195291
1747396336667768,0.0393027,0.000541699,0.0118148
1747396336667768,0.0365723,0.000845978,0.0154566
1747396336667769,0.0323693,0.0022366,0.0228246
1747396336667790,0.0358734,0.000870827,0.0167916
1747396336667793,0.0347361,0.000707798,0.0192667
1747396336667793,0.0356477,0.00105105,0.017099
1747396336667829,0.0375198,0.00138713,0.0134117
1747396336667854,0.0373223,0.0015712,0.0136708
1747396336667857,0.0393843,0.000581646,0.0116376
1747396336667873,0.0347803,0.00117146,0.018743
1747396336667899,0.0321518,0.00119046,0.0246694
1747396336667907,0.0352032,0.000691835,0.0205754
1747396336667934,0.0337408,0.00139705,0.0207145
1747396336667980,0.0381589,0.000817771,0.013554
1747396336668006,0.0340951,0.00144663,0.0196508
1747396336668006,0.0379399,0.000404112,0.0142594
1747396336668027,0.0365872,0.000993921,0.0166116
1747396336668029,0.0383633,0.00135555,0.011839
1747396336668031,0.03476,0.000989889,0.0207319
1747396336668057,0.0367675,0.00097619,0.0162478
1747396336668062,0.0380002,0.000592299,0.0140094
1747396336668116,0.0389577,0.000514615,0.0121884
1747396336668117,0.0366912,0.0010146,0.0163773
1747396336668125,0.0380932,0.000849658,0.0136627
1747396336668143,0.0333147,0.00146702,0.0212626
1747396336668146,0.0387116,0.000478618,0.0126819
1747396336668148,0.03798,0.00134821,0.0124936
1747396336668170,0.0373106,0.00147888,0.0135912
1747396336668209,0.0370093,0.000711594,0.0159494
1747396336668252,0.0383713,0.000416639,0.0133863
1747396336668257,0.0368711,0.000501759,0.0164164
1747396336668298,0.0392813,0.000474312,0.0118921
1747396336668300,0.0387694,0.000451696,0.0125859
1747396336668317,0.0389733,0.000583928,0.0121209
1747396336668333,0.0320672,0.00209346,0.023309
1747396336668363,0.0336474,0.0012344,0.0207867
1747396336668367,0.038481,0.000438323,0.0131562
1747396336668370,0.0382892,0.00139015,0.0119502
1747396336668411,0.0331392,0.00184252,0.0212642
1747396336668429,0.0377383,0.000718434,0.0144491
1747396336668451,0.0381609,0.000739936,0.0135973
1747396336668466,0.0388327,0.000497169,0.0124376
1747396336668488,0.0357853,0.000510187,0.0193593
1747396336668504,0.0378914,0.000948306,0.013997
1747396336668517,0.0380306,0.000802984,0.013814
1747396336668541,0.0326265,0.00188087,0.0223165
1747396336668556,0.0392262,0.000500149,0.0119846
1747396336668568,0.0321219,0.00220921,0.0230643
1747396336668579,0.0368774,0.001415,0.014387
1747396336668587,0.0390319,0.000438749,0.0123975
1747396336668600,0.0392748,0.000520525,0.0115847
1747396336668639,0.0325406,0.00185307,0.0225325
1747396336668642,0.034292,0.00120548,0.0194622
1747396336668681,0.036664,0.000955255,0.0164809
1747396336668686,0.0388396,0.000804433,0.0122567
1747396336668755,0.0347743,0.0011212,0.0185545
1747396336668769,0.0342022,0.00146938,0.0194136
1747396336668781,0.0352141,0.000842396,0.017904
1747396336668801,0.0340936,0.00137368,0.0197187
1747396336668804,0.0348667,0.00107752,0.0184053
1747396336668804,0.0359168,0.000504996,0.019048
1747396336668809,0.0319451,0.00215598,0.0235093
1747396336668830,0.0345832,0.00051919,0.0195098
1747396336668831,0.0349882,0.00116841,0.0180889
1747396336668845,0.0364834,0.000483062,0.0156903
1747396336668864,0.0358962,0.000579042,0.0190147
1747396336668868,0.0385083,0.00128811,0.011621
1747396336668894,0.0392727,0.000634546,0.0118237
1747396336668910,0.036335,0.000418757,0.018152
1747396336668939,0.0324834,0.00202521,0.0224751
1747396336668942,0.0354703,0.000724108,0.017489
1747396336668959,0.0354966,0.000598509,0.0199608
1747396336668960,0.0335457,0.00128397,0.0209541
1747396336668963,0.0379036,0.00138383,0.0126091
1747396336668987,0.0367074,0.00149499,0.0146478
1747396336668999,0.0333082,0.000566824,0.0223222
1747396336669029,0.0325104,0.00193945,0.0225064
1747396336669069,0.0363323,0.000550296,0.0159327
1747396336669106,0.0339927,0.00142256,0.0198821
1747396336669110,0.034026,0.0011206,0.0200956
1747396336669112,0.0380553,0.00131318,0.0123798
1747396336669124,0.0341244,0.000416842,0.0206277
1747396336669148,0.0338852,0.000784567,0.0207453
1747396336669163,0.0362854,0.000644619,0.0159551
1747396336669186,0.0376846,0.00139445,0.0129812
1747396336669197,0.0349711,0.00110195,0.0181763
1747396336669203,0.0321878,0.00203193,0.0231112
1747396336669223,0.0381298,0.00137089,0.0122284
1747396336669224,0.0339189,0.000899828,0.0205479
1747396336669250,0.0382045,0.00133605,0.0121158
1747396336669260,0.0270806,0.00427452,0.033149
1747396336669274,0.036986,0.00145207,0.0141748
1747396336669277,0.0363427,0.00158004,0.0152562
1747396336669298,0.0323448,0.000929103,0.0241488
1747396336669300,0.0336825,0.00157388,0.0203843
1747396336669303,0.0362555,0.000584679,0.016056
1747396336669316,0.0351705,0.00108259,0.0177965
1747396336669351,0.0364786,0.000935261,0.0167266
1747396336669369,0.0346915,0.00123439,0.0186262
1747396336669405,0.0332081,0.00151963,0.0214375
1747396336669417,0.0334429,0.0013343,0.0211234
1747396336669437,0.0356939,0.000584789,0.0187765
1747396336669451,0.0376166,0.00066779,0.0145915
1747396336669452,0.034389,0.00123151,0.0192404
1747396336669486,0.0344286,0.00105223,0.0212348
1747396336669514,0.0352985,0.00125924,0.0177894
1747396336669518,0.0381919,0.000395417,0.0136285
1747396336669522,0.0375764,0.000614088,0.0147096
1747396336669556,0.0363823,0.000912002,0.0169491
1747396336669557,0.037432,0.000906565,0.0147978
1747396336669570,0.0374614,0.00150384,0.0134063
1747396336669597,0.036606,0.00101683,0.0163958
1747396336669597,0.0326627,0.0021542,0.0222604
1747396336669602,0.0377767,0.000739156,0.0142248
1747396336669632,0.0345996,0.0013769,0.0191121
1747396336669666,0.0334843,0.00178887,0.0210771
1747396336669774,0.0329714,0.00190761,0.0220701
1747396336669805,0.037672,0.000496452,0.0145998
1747396336669838,0.0377408,0.00145771,0.0129388
1747396336669879,0.0372667,0.00106462,0.0150209
1747396336669881,0.0265663,0.00453147,0.0341555
1747396336669896,0.0361223,0.000901818,0.0175142
1747396336669896,0.0375445,0.000415601,0.0149186
1747396336669913,0.0364603,0.00164365,0.0151256
1747396336669942,0.0362875,0.00181486,0.0153431
1747396336669974,0.0387729,0.00057007,0.0123968
1747396336669990,0.0379373,0.00154319,0.0125597
1747396336669994,0.0379741,0.000644615,0.0138967
1747396336670023,0.0349695,0.000842118,0.0188238
1747396336670045,0.0322618,0.0022252,0.0230705
1747396336670055,0.0361502,0.000853815,0.0164101
1747396336670068,0.0374063,0.00138778,0.0137279
1747396336670179,0.0359829,0.00064231,0.016907
1747396336670193,0.0326375,0.0022385,0.022227
1747396336670206,0.0360695,0.000891614,0.0165408
1747396336670210,0.0358846,0.000623094,0.0169338
1747396336670214,0.0381634,0.00152571,0.0121792
1747396336670220,0.0381721,0.00161491,0.0121275
1747396336670286,0.0335396,0.00170147,0.0208265
1747396336670302,0.0333491,0.00172905,0.0212093
1747396336670327,0.0361056,0.000452351,0.0166292
1747396336670359,0.0351583,0.00110877,0.0179971
1747396336670366,0.0343366,0.00165931,0.0192
1747396336670400,0.0356418,0.000668695,0.0173881
1747396336670400,0.0366237,0.00229275,0.0144989
1747396336670417,0.0376637,0.00149483,0.013056
1747396336670469,0.0327225,0.00198359,0.0223122
1747396336670496,0.0338267,0.00169745,0.020221
1747396336670500,0.0358062,0.000659785,0.0170615
1747396336670545,0.035925,0.000813562,0.0166992
1747396336670573,0.0373499,0.00202259,0.0133626
1747396336670583,0.0331351,0.00183896,0.0215604
1747396336670593,0.0386821,0.00136857,0.0113613
1747396336670606,0.0328969,0.00357702,0.0205608
1747396336670630,0.0336117,0.00187915,0.020502
1747396336670662,0.0339249,0.001793,0.0199283
1747396336670689,0.033847,0.00154559,0.0203238
1747396336670690,0.033639,0.0033685,0.0192959
1747396336670724,0.0345768,0.000740463,0.0208055
1747396336670766,0.0341555,0.00132153,0.0198861
1747396336670796,0.0327771,0.00209448,0.0220733
1747396336670809,0.0364024,0.000569393,0.0169017
1747396336670827,0.0329628,0.00214084,0.0216246
1747396336670845,0.0330755,0.00208234,0.0214414
1747396336670848,0.0370674,0.000833386,0.0153384
1747396336670892,0.0326911,0.00206921,0.0222887
1747396336670931,0.0365824,0.000624177,0.0164798
1747396336670944,0.0335793,0.00154285,0.0209019
1747396336670957,0.0330822,0.00132491,0.0217066
1747396336670962,0.0370925,0.0020549,0.0137927
1747396336670964,0.0321122,0.00194549,0.0231473
1747396336670999,0.0359283,0.000728884,0.0177708
1747396336671011,0.0324902,0.001969,0.0223047
1747396336671011,0.0381854,0.000615046,0.0133029
1747396336671033,0.0346715,0.0010542,0.018648
1747396336671053,0.0327236,0.00156996,0.0222219
1747396336671068,0.0375442,0.000683523,0.0144987
1747396336671071,0.0361774,0.00223182,0.0153159
1747396336671071,0.0361346,0.000912468,0.0171768
1747396336671153,0.0333646,0.00168177,0.0207508
1747396336671162,0.0325773,0.00171201,0.0223868
1747396336671162,0.033995,0.00144937,0.0196715
1747396336671168,0.0372854,0.000729785,0.0149772
1747396336671200,0.0381269,0.000489257,0.0134901
1747396336671218,0.0269089,0.00432486,0.0335626
1747396336671223,0.0365552,0.00161903,0.0147302
1747396336671227,0.0381892,0.00069116,0.0132517
1747396336671230,0.0369535,0.000664049,0.0156881
1747396336671235,0.033467,0.00120554,0.0210023
1747396336671267,0.0314199,0.00123149,0.0257395
1747396336671277,0.0330498,0.00140898,0.0216868
1747396336671314,0.0351223,0.000844423,0.0179226
1747396336671315,0.0362998,0.000498479,0.0184334
1747396336671329,0.0347726,0.000655711,0.0187963
1747396336671334,0.0352093,0.000804349,0.0177825
1747396336671334,0.0360178,0.000582869,0.0190191
1747396336671361,0.0322807,0.00200216,0.0227194
1747396336671402,0.0336683,0.00110838,0.020672
1747396336671403,0.0358569,0.00044029,0.0167959
1747396336671404,0.0335859,0.00150039,0.0204624
1747396336671405,0.0356036,0.000414546,0.0173201
1747396336671441,0.035286,0.000697864,0.0177177
1747396336671443,0.0349451,0.000926419,0.0182076
1747396336671444,0.0395681,0.000578379,0.0114228
1747396336671491,0.037444,0.00147316,0.013252
1747396336671495,0.0349551,0.000994379,0.0181315
1747396336671536,0.0313064,0.00129029,0.025936
1747396336671537,0.0335571,0.000960656,0.0210669
1747396336671577,0.033888,0.000935396,0.02038
1747396336671611,0.0348642,0.00103678,0.0182773
1747396336671612,0.035443,0.000350303,0.0176995
1747396336671644,0.0338181,0.000901843,0.0205646
1747396336671648,0.0341017,0.000767234,0.0200961
1747396336671648,0.0327441,0.000675735,0.0232816
1747396336671655,0.0337672,0.00106089,0.0205097
1747396336671656,0.0363561,0.00162407,0.0150807
1747396336671660,0.0394645,0.000473167,0.0116786
1747396336671661,0.0314202,0.00222876,0.0243602
1747396336671663,0.0337457,0.00113978,0.0204759
1747396336671672,0.036731,0.00153604,0.0144628
1747396336672228,0.0317604,0.00181405,0.0239618
1747396336672238,0.0326473,0.00165034,0.0221968
1747396336672244,0.0323259,0.000779778,0.0239996
1747396336672260,0.0356791,0.000373155,0.017139
1747396336672283,0.0310783,0.00222842,0.0250037
1747396336672304,0.0316321,0.00101248,0.0253706
1747396336672322,0.0334558,0.00111871,0.0210196
1747396336672340,0.0341819,0.00120016,0.019435
1747396336672361,0.0377278,0.00146718,0.0127431
1747396336672367,0.0326383,0.00144606,0.0224363
1747396336672413,0.0374325,0.00141733,0.0132688
1747396336672463,0.0314088,0.00112612,0.0257574
1747396336672499,0.0333821,0.00108568,0.0212118
1747396336672525,0.0358697,0.000721273,0.0164994
1747396336672529,0.0320224,0.00181976,0.0233712
1747396336672555,0.0335836,0.000989588,0.0208801
1747396336672584,0.0346563,0.000834728,0.018796
1747396336672602,0.0345246,0.000550202,0.0193309
1747396336672614,0.0328647,0.000574495,0.022992
1747396336672651,0.0336826,0.00094262,0.0207171
1747396336672667,0.0347482,0.00086375,0.0185851
1747396336672684,0.0350129,0.000671525,0.0182183
1747396336672695,0.0366103,0.00143721,0.0146924
1747396336672761,0.0339822,0.0012946,0.0197563
1747396336672768,0.0328571,0.00133912,0.022076
1747396336672812,0.0332837,0.00141142,0.021089
1747396336672821,0.0310197,0.00232765,0.025016
1747396336672839,0.0348387,0.00082217,0.018439
1747396336672840,0.0327652,0.000622826,0.0231626
1747396336672858,0.0360597,0.00160593,0.0155815
1747396336672891,0.0353536,0.000517876,0.0176665
1747396336672894,0.0320884,0.000839937,0.0244939
1747396336672908,0.0359782,0.000525879,0.0164349
1747396336672915,0.0324877,0.00158883,0.022608
1747396336672921,0.0359723,0.00173638,0.0156654
1747396336672929,0.0311627,0.00119639,0.0262762
1747396336672930,0.0358805,0.00151573,0.0159572
1747396336672962,0.0335563,0.000423692,0.0215795
1747396336672976,0.0348379,0.000680964,0.0185637
1747396336672984,0.0330709,0.00123542,0.0217242
1747396336673011,0.0340826,0.00124701,0.0195947
1747396336673022,0.0328997,0.00145638,0.0218584
1747396336673096,0.0354478,0.00154842,0.01673
1747396336673111,0.0355333,0.0008727,0.017034
1747396336673112,0.0350165,0.000740884,0.0181519
1747396336673127,0.0384414,0.000410593,0.0131843
1747396336673128,0.0356144,0.00155487,0.0164192
1747396336673133,0.0321939,0.000787384,0.0243118
1747396336673143,0.0344725,0.00106389,0.0189673
1747396336673147,0.0319817,0.000893261,0.0246781
1747396336673156,0.0329981,0.000569355,0.022684
1747396336673167,0.0334834,0.00103727,0.021045
1747396336673169,0.0358778,0.000497923,0.0166504
1747396336673205,0.0327336,0.000579588,0.0232983
1747396336673221,0.031742,0.0009569,0.0251804
1747396336673226,0.035271,0.00034773,0.01798
1747396336673235,0.0351039,0.000701156,0.0180108
1747396336673244,0.0315019,0.00102261,0.0256868
1747396336673277,0.0348023,0.00135385,0.0193332
1747396336673294,0.0367195,0.000919897,0.0157319
1747396336673298,0.0355517,0.00050576,0.0185222
1747396336673300,0.0319037,0.00209163,0.0233307
1747396336673307,0.0320268,0.00202987,0.0231308
1747396336673319,0.0376576,0.000702928,0.0140492
1747396336673352,0.0368707,0.000847549,0.0154839
1747396336673393,0.0311506,0.00226058,0.0248013
1747396336673415,0.0350107,0.00097124,0.0192487
1747396336673428,0.0385031,0.000382943,0.0130815
1747396336673462,0.0353405,0.00101305,0.0184935
1747396336673472,0.0315663,0.00219002,0.0239584
1747396336673484,0.0324779,0.00187773,0.0223237
1747396336673606,0.0322185,0.00179183,0.0229724
1747396336673651,0.035346,0.00087238,0.018613
1747396336673691,0.0369878,0.000866869,0.0152399
1747396336673718,0.0331435,0.00162416,0.0211756
1747396336673738,0.0366488,0.000805382,0.0159561
1747396336673740,0.0383166,0.000389332,0.0134389
1747396336673743,0.0365714,0.00163513,0.0146584
1747396336673765,0.0336887,0.00100588,0.0222735
1747396336673778,0.0359069,0.00131695,0.0170649
1747396336673828,0.0365281,0.000937236,0.0161005
1747396336673834,0.037792,0.000640572,0.0138309
1747396336673859,0.0328507,0.0013899,0.0238356
1747396336673878,0.033374,0.00143971,0.0208728
1747396336673880,0.0370183,0.000777369,0.0152417
1747396336673936,0.0375759,0.000516885,0.0143268
1747396336673942,0.0354261,0.000970622,0.0183493
1747396336673962,0.0372165,0.00142558,0.0136372
1747396336673965,0.0343359,0.000794311,0.020982
1747396336673971,0.0351666,0.00117008,0.0187215
1747396336673981,0.0354446,0.0011745,0.0181295
1747396336673984,0.0375201,0.000767206,0.0142727
1747396336674038,0.0377534,0.000508857,0.0139879
1747396336674046,0.0373999,0.00143055,0.0131827
1747396336674083,0.0369574,0.000515294,0.0155525
1747396336674089,0.0356735,0.00128147,0.0175666
1747396336674089,0.0307518,0.00229672,0.0252748
1747396336674099,0.0316528,0.00184665,0.0238064
1747396336674117,0.0349095,0.000526543,0.0183131
1747396336674119,0.0354708,0.000637381,0.0171218
1747396336674155,0.0321498,0.000592614,0.0242902
1747396336674174,0.0335814,0.00033337,0.0213028
1747396336674178,0.0331634,0.00104865,0.0214158
1747396336674204,0.0354798,0.00167809,0.0164062
1747396336674210,0.0352499,0.000376486,0.0177635
1747396336674217,0.0324974,0.00164733,0.0222073
1747396336674226,0.0312614,0.00190279,0.0246083
1747396336674233,0.0341277,0.000402788,0.0200401
1747396336674237,0.0309625,0.00226103,0.0248484
1747396336674239,0.0365338,0.00145868,0.0146587
1747396336674254,0.0334594,0.00133395,0.0205183
1747396336674268,0.0332317,0.000881621,0.0214478
1747396336674337,0.0304074,0.00240177,0.0259223
1747396336674350,0.0338872,0.000644697,0.0202999
1747396336674357,0.035317,0.00157962,0.0167607
1747396336674373,0.0341704,0.00107626,0.0193142
1747396336674382,0.0345073,0.000431077,0.0192175
1747396336674394,0.0337787,0.00111185,0.0200724
1747396336674421,0.0327458,0.000481093,0.0230224
1747396336674440,0.0366515,0.00149532,0.0144353
1747396336674450,0.035671,0.00167782,0.0160638
1747396336674474,0.0339715,0.00116819,0.0196322
1747396336674482,0.0347454,0.000460787,0.0187022
1747396336674499,0.0314556,0.00187482,0.0242085
1747396336674504,0.0325441,0.00057726,0.0233657
1747396336674506,0.0348539,0.000277111,0.0186505
1747396336674545,0.0350351,0.000831044,0.0178142
1747396336674567,0.0319,0.00193855,0.0231714
1747396336674595,0.0325578,0.00126849,0.0224814
1747396336674610,0.0340766,0.000974097,0.019593
1747396336674614,0.0344617,0.00072728,0.0190363
1747396336674632,0.0355892,0.00153981,0.0162909
1747396336674657,0.032517,0.00135628,0.0224729
1747396336674658,0.0319899,0.0015434,0.0234132
1747396336674665,0.0329038,0.000904223,0.0221369
1747396336674674,0.0311477,0.00209766,0.0246296
1747396336674674,0.0352996,0.000713067,0.0173939
1747396336674681,0.0339733,0.00109411,0.0196942
1747396336674687,0.0351703,0.000273449,0.0180116
1747396336674692,0.0354526,0.00057229,0.0172073
1747396336674701,0.0313072,0.00215987,0.0242081
1747396336674704,0.0317017,0.00175319,0.0238062
1747396336674707,0.0310174,0.00216296,0.0248419
1747396336674719,0.0328383,0.00148337,0.021657
1747396336674722,0.0314836,0.000863713,0.0255256
1747396336674747,0.0321335,0.00161103,0.023023
1747396336674764,0.036778,0.00152906,0.0142
1747396336674777,0.0344571,0.000872188,0.0189181
1747396336674791,0.0351949,0.00172329,0.0168943
1747396336674795,0.0374821,0.0013931,0.0130599
1747396336674824,0.0344017,0.000546239,0.0193253
1747396336674870,0.0360473,0.000379561,0.0188908
1747396336674884,0.0312033,0.00200034,0.024621
1747396336674934,0.0346428,0.000788095,0.0186202
1747396336674949,0.0336968,0.000534208,0.0208225
1747396336674972,0.0327516,0.0014533,0.0218693
1747396336675014,0.0351668,0.000343551,0.0179573
1747396336675017,0.0319417,0.00163533,0.0234136
1747396336675017,0.0335311,0.000742067,0.0209549
1747396336675027,0.0313539,0.00206521,0.0242128
1747396336675029,0.0371724,0.00144102,0.0135649
1747396336675112,0.0332667,0.00100008,0.0212468
1747396336675128,0.0306769,0.00127044,0.0269178
1747396336675131,0.0347335,0.000605022,0.0185974
1747396336675139,0.0326136,0.000485002,0.0233285
1747396336675161,0.031352,0.0011597,0.0253953
1747396336675178,0.0324724,0.00173214,0.0221742
1747396336675203,0.0318722,0.00160099,0.0236064
1747396336675218,0.0384678,0.000308129,0.0134421
1747396336675226,0.0354379,0.000506418,0.0172873
1747396336675247,0.0312594,0.000975691,0.0259124
1747396336675248,0.0358646,0.00149982,0.0158194
1747396336675262,0.0370874,0.0014799,0.0136922
1747396336675266,0.0368251,0.00160063,0.014085
1747396336675277,0.0349466,0.00166648,0.0173842
1747396336675283,0.0392976,0.00046292,0.0119167
1747396336675292,0.0342681,0.00103136,0.019158
1747396336675319,0.03649,0.000633176,0.0165679
1747396336675334,0.0353544,0.000912444,0.0187405
1747396336675354,0.0256921,0.00432958,0.0353957
1747396336675400,0.0352955,0.00167625,0.0167404
1747396336675458,0.0357082,0.00108654,0.0178232
1747396336675474,0.0329131,0.00159338,0.0213945
1747396336675483,0.0381207,0.00067394,0.0133079
1747396336675485,0.0379436,0.000528558,0.0137346
1747396336675488,0.0251584,0.00459395,0.03644
1747396336675500,0.0336999,0.0013265,0.0202012
1747396336675548,0.0316042,0.0020093,0.0239678
1747396336675558,0.0349515,0.00165221,0.0174896
1747396336675593,0.0366954,0.000465762,0.0162784
1747396336675618,0.0361666,0.00158763,0.0153114
1747396336675650,0.0332686,0.00160698,0.0208262
1747396336675669,0.0372731,0.000619335,0.0149873
1747396336675709,0.0361457,0.000334489,0.0184222
1747396336675720,0.0357083,0.00163008,0.0161101
1747396336675721,0.0371959,0.00155482,0.0135308
1747396336675753,0.0336025,0.00110489,0.0225993
1747396336675757,0.033307,0.00126208,0.0231236
1747396336675765,0.0377184,0.000484878,0.0142006
1747396336675766,0.0326513,0.00148619,0.0222555
1747396336675779,0.037998,0.000578338,0.0135989
1747396336675805,0.0359465,0.000301888,0.01892
1747396336675813,0.0339815,0.000905744,0.0219269
1747396336675814,0.0364309,0.000328596,0.017778
1747396336675820,0.0384903,0.000354028,0.0127938
1747396336675841,0.0357806,0.000979026,0.0177631
1747396336675841,0.0318,0.00197903,0.0235687
1747396336675885,0.0316777,0.0020408,0.0237679
1747396336675893,0.0387077,0.000352849,0.0129425
1747396336675895,0.0369529,0.000845474,0.0154649
1747396336675951,0.0311521,0.00119967,0.0261925
1747396336675966,0.0347546,0.000760455,0.0185653
1747396336676006,0.0355568,0.00067932,0.0170429
1747396336676007,0.0357922,0.00176478,0.0158806
1747396336676013,0.0358302,0.000464814,0.0192043
1747396336676016,0.0348426,0.000790112,0.0183621
1747396336676028,0.0390307,0.00042053,0.0123108
1747396336676046,0.0311679,0.0012464,0.0260731
1747396336676056,0.0385857,0.00033102,0.0131949
1747396336676066,0.0356013,0.000447003,0.0171407
1747396336676101,0.0326132,0.00185596,0.0219496
1747396336676118,0.0362115,0.000368556,0.0182366
1747396336676167,0.0347534,0.00083117,0.0185057
1747396336676173,0.0359971,0.000258799,0.0187575
1747396336676179,0.0319605,0.0020383,0.0231525
1747396336676183,0.0323003,0.000785054,0.0239499
1747396336676186,0.0324283,0.00159623,0.02262
1747396336676212,0.0355758,0.000743247,0.0169567
1747396336676220,0.0363778,0.00166575,0.0148958
1747396336676226,0.0361931,0.00175324,0.0151749
1747396336676228,0.0324031,0.000734051,0.0237736
1747396336676282,0.0328388,0.00126011,0.0220968
1747396336676319,0.0323149,0.00165253,0.0228056
1747396336676328,0.0346739,0.00109579,0.018779
1747396336676408,0.0344851,0.00118557,0.0190847
1747396336676427,0.0353127,0.00086893,0.0176853
1747396336676460,0.0359327,0.000373814,0.0168524
1747396336676504,0.0340614,0.000965936,0.0201733
1747396336676517,0.0324487,0.000876578,0.0239688
1747396336676528,0.039125,0.000569322,0.0121114
1747396336676532,0.0339933,0.00149609,0.0198152
1747396336676539,0.0330809,0.000619426,0.0227932
1747396336676544,0.0341015,0.00122528,0.0198379
1747396336676551,0.0357704,0.000377583,0.0171747
1747396336676575,0.0339453,0.00109016,0.0202963
1747396336676628,0.0370186,0.00152614,0.01408
1747396336676639,0.0356066,0.00130522,0.0173599
1747396336676672,0.034334,0.00135536,0.0199601
1747396336676698,0.0370679,0.000536101,0.0150361
1747396336676708,0.0330669,0.00104466,0.0232629
1747396336676715,0.039182,0.000542602,0.0120161
1747396336676726,0.0346197,0.00157127,0.0191552
1747396336676730,0.038561,0.000375268,0.0133328
1747396336676731,0.0348284,0.000642359,0.0196052
1747396336676738,0.035947,0.000533547,0.0188515
1747396336676745,0.0253434,0.00448465,0.036121
1747396336676779,0.0360854,0.000997678,0.0166378
1747396336676821,0.0357008,0.00171318,0.0163487
1747396336676858,0.0356229,0.00166488,0.0165225
1747396336676864,0.0358962,0.000590445,0.0173542
1747396336676865,0.0347303,0.00101962,0.0194322
1747396336676881,0.0359211,0.000786933,0.017136
1747396336676883,0.0379036,0.00138383,0.0126091
1747396336676909,0.0349955,0.000888896,0.0189869
1747396336676921,0.0355179,0.00134883,0.0175039
1747396336676921,0.0343313,0.00179246,0.0195621
1747396336676957,0.0352727,0.00124563,0.018084
1747396336676958,0.0334197,0.00182357,0.0214849
1747396336676968,0.0384585,0.000447678,0.013203
1747396336677014,0.0362464,0.00092064,0.0163754
1747396336677047,0.0364043,0.00174399,0.0148089
1747396336677063,0.0357518,0.001159,0.0171816
1747396336677070,0.0343171,0.00165059,0.019718
1747396336677071,0.036986,0.00145207,0.0141748
1747396336677153,0.0340186,0.0016573,0.0203469
1747396336677166,0.0323644,0.00208556,0.022669
1747396336677172,0.0351993,0.00135579,0.0181429
1747396336677184,0.0347449,0.000945038,0.0194749
1747396336677197,0.0353615,0.00120192,0.0179382
1747396336677201,0.0358114,0.00105596,0.0171421
1747396336677208,0.0347164,0.00152256,0.0189965
1747396336677219,0.0371467,0.000570351,0.0154191
1747396336677230,0.0385211,0.00049552,0.0130529
1747396336677241,0.0346244,0.000745334,0.0207979
1747396336677250,0.0359436,0.000870116,0.0176834
1747396336677251,0.0353732,0.00055328,0.0192592
1747396336677280,0.0320311,0.00218331,0.02329
1747396336677302,0.0374868,0.000410377,0.0148479
1747396336677315,0.0318637,0.00212726,0.0237224
1747396336677327,0.036269,0.0003371,0.017848
1747396336677368,0.0382892,0.00139015,0.0119502
1747396336677396,0.0366207,0.001536,0.0147808
1747396336677418,0.0371416,0.000717962,0.0153212
1747396336677434,0.0338994,0.00100184,0.0222453
1747396336677441,0.035641,0.000613527,0.0185882
1747396336677480,0.038397,0.000475968,0.013306
1747396336677489,0.0371506,0.000862636,0.0152013
1747396336677497,0.0359651,0.00100135,0.0175241
1747396336677515,0.0375537,0.000745138,0.0144838
1747396336677534,0.0349421,0.000485916,0.0207944
1747396336677564,0.0331083,0.00176673,0.0219176
1747396336677590,0.0359812,0.0010656,0.0174362
1747396336677591,0.0318578,0.00146171,0.0252828
1747396336677645,0.0367939,0.000526186,0.0161795
1747396336677647,0.037295,0.00079323,0.0149622
1747396336677695,0.037107,0.000661396,0.0154322
1747396336677774,0.0340422,0.00129533,0.0203653
1747396336677778,0.0381361,0.000547123,0.0134758
1747396336677792,0.0379227,0.000423956,0.01397
1747396336677829,0.0356269,0.00102683,0.0173155
1747396336677841,0.0360614,0.000605897,0.0167782
1747396336677854,0.0334093,0.00168359,0.0213446
1747396336677881,0.0358117,0.000651578,0.0172462
1747396336677894,0.0356734,0.000858721,0.0173562
1747396336677900,0.0358064,0.000347052,0.0190923
1747396336677913,0.036177,0.000695114,0.0164769
1747396336677915,0.0348138,0.00142022,0.0186364
1747396336677986,0.0338434,0.00139452,0.0206959
1747396336678011,0.0357855,0.000421529,0.0190595
1747396336678041,0.0347044,0.00139922,0.0188772
1747396336678075,0.0360421,0.000830708,0.0166408
1747396336678080,0.0367984,0.00062839,0.0153089
1747396336678081,0.0318314,0.00141855,0.0254196
1747396336678082,0.0336851,0.00183396,0.0206073
1747396336678098,0.037187,0.000380407,0.0147307
1747396336678107,0.0343616,0.000411861,0.0203069
1747396336678138,0.0346825,0.00120813,0.0188384
1747396336678142,0.0320332,0.0011449,0.0248749
1747396336678167,0.0353802,0.000457447,0.0180671
1747396336678178,0.0316097,0.00058855,0.0270525
1747396336678200,0.0356206,0.000483838,0.0175489
1747396336678206,0.0344403,0.000829958,0.0196918
1747396336678233,0.0343482,0.00087392,0.0198448
1747396336678282,0.0340658,0.00100984,0.0203145
1747396336678292,0.0340458,0.00108793,0.0202785
1747396336678308,0.0355433,0.000588634,0.0176165
1747396336678324,0.0339916,0.00154348,0.0199607
1747396336678331,0.0354196,0.000932474,0.0175818
1747396336678332,0.0363255,0.000737117,0.0159544
1747396336678345,0.0356322,0.000617977,0.0174118
1747396336678350,0.0343679,0.00079715,0.01988
1747396336678372,0.0352072,0.000674429,0.0182295
1747396336678379,0.0350393,0.000683662,0.0185689
1747396336678408,0.0367465,0.000621843,0.0152284
1747396336678414,0.0353825,0.000433665,0.0200054
1747396336678427,0.0344589,0.000753754,0.0197281
1747396336678434,0.0326581,0.001213,0.0241636
1747396336678442,0.037571,0.00064481,0.0140833
1747396336678445,0.036631,0.000704471,0.0158654
1747396336678456,0.0361113,0.00102484,0.0166615
1747396336678470,0.0346946,0.00134814,0.0193023
1747396336678496,0.0348017,0.000486939,0.01994
1747396336678539,0.0357281,0.000386045,0.0192335
1747396336678548,0.037165,0.000755364,0.0147882
1747396336678576,0.0349984,0.000517953,0.0194612
1747396336678600,0.038721,0.000512254,0.0127753
1747396336678610,0.0326513,0.00185007,0.0225125
1747396336678640,0.0347902,0.00115751,0.0192751
1747396336678661,0.0328324,0.00123944,0.0236844
1747396336678664,0.0327652,0.00179236,0.0223245
1747396336678697,0.0358901,0.000981965,0.0171389
1747396336678709,0.0350818,0.000477617,0.0193179
1747396336678711,0.0334198,0.00146441,0.0212436
1747396336678740,0.033292,0.00159861,0.0213822
1747396336678782,0.0351521,0.000909712,0.018734
1747396336678794,0.0372593,0.000636231,0.0146847
1747396336678800,0.0437875,0.00249179,0.0495009
1747396336678810,0.037036,0.000444941,0.0152525
1747396336678835,0.0361461,0.00108394,0.0165487
1747396336678858,0.0332991,0.000936641,0.0229474
1747396336678883,0.0365112,0.000834677,0.0160077
1747396336678913,0.0343372,0.0014017,0.0201031
1747396336678918,0.0321894,0.00187787,0.0235135
1747396336678954,0.0345398,0.000581586,0.0205403
1747396336678955,0.0368521,0.000457533,0.0156627
1747396336678985,0.0340031,0.00168852,0.0198097
1747396336678993,0.0365161,0.000405987,0.0163875
1747396336678995,0.0330348,0.0018719,0.0216593
1747396336678996,0.0338248,0.000823103,0.0219435
1747396336679019,0.0368313,0.000397345,0.0157509
1747396336679019,0.0337734,0.000909646,0.021955
1747396336679020,0.0347263,0.00061219,0.0200717
1747396336679064,0.035116,0.000482928,0.0193282
1747396336679066,0.0354633,0.000392828,0.0198585
1747396336679129,0.0346146,0.00133116,0.0195699
1747396336679138,0.0327967,0.00170635,0.022348
1747396336679188,0.0394514,0.000579851,0.0116181
1747396336679192,0.0323784,0.00184955,0.0231194
1747396336679192,0.0351623,0.000987742,0.0187178
1747396336679201,0.0372167,0.00050257,0.014905
1747396336679206,0.0370169,0.000451796,0.0153369
1747396336679263,0.0363059,0.000573473,0.0166818
1747396336679301,0.0365102,0.000688405,0.016174
1747396336679302,0.036565,0.000807378,0.0159746
1747396336679307,0.0364594,0.00078456,0.0162026
1747396336679339,0.0329764,0.00114805,0.023602
1747396336679347,0.0330767,0.00109495,0.0234247
1747396336679389,0.0365212,0.000902079,0.0159921
1747396336679409,0.0307976,0.000597803,0.0325876
1747396336679411,0.0350722,0.00117242,0.0187397
1747396336679435,0.0390762,0.000649142,0.0121937
1747396336679592,0.0364237,0.000417226,0.0181382
1747396336679619,0.0391008,0.000437231,0.0123797
1747396336679628,0.0373222,0.000526506,0.0146822
1747396336679639,0.0372941,0.00061268,0.0146783
1747396336679671,0.0362601,0.000735709,0.0166438
1747396336679678,0.0342287,0.00152744,0.0202156
1747396336679698,0.0373046,0.000856558,0.0149471
1747396336679745,0.0369073,0.00112756,0.0155518
1747396336679763,0.0377886,0.000407045,0.0142922
1747396336679766,0.0370592,0.00105237,0.015301
1747396336679821,0.0381405,0.000682536,0.0134233
1747396336679834,0.034424,0.00142779,0.0198889
1747396336679842,0.0366014,0.000762937,0.0164494
1747396336679857,0.0355921,0.000596813,0.0199473
1747396336679867,0.033525,0.00130096,0.0229154
1747396336679868,0.0378743,0.000886476,0.013813
1747396336679875,0.0370586,0.000611452,0.0156221
1747396336679895,0.0395058,0.000554047,0.0115268
1747396336679902,0.0375147,0.00075506,0.014599
1747396336679928,0.0358785,0.000508565,0.0193458
1747396336679935,0.0355823,0.00128407,0.0175867
1747396336679939,0.0374705,0.000702229,0.0147227
1747396336679941,0.0380745,0.000790505,0.0134857
1747396336679951,0.0361545,0.00105614,0.0171451
1747396336679963,0.0341416,0.00150164,0.0204315
1747396336679971,0.0369426,0.000738845,0.0157626
1747396336679972,0.0392228,0.00045554,0.0121292
1747396336679972,0.0358926,0.00111619,0.0176476
1747396336679999,0.0362166,0.000459407,0.0185842
1747396336680010,0.0372612,0.000803074,0.0150705
1747396336680041,0.0353136,0.00141765,0.0180274
1747396336680055,0.036666,0.00109548,0.01606
1747396336680068,0.0394247,0.00051418,0.011704
1747396336680080,0.0360272,0.000837775,0.0176037
1747396336680112,0.0345463,0.00087738,0.0209375
1747396336680181,0.0380908,0.000555907,0.0135976
1747396336680290,0.0337193,0.00119573,0.0225682
1747396336680294,0.0367043,0.000504943,0.0164474
1747396336680394,0.036401,0.000451119,0.0171462
1747396336680398,0.0355427,0.000552844,0.0189626
1747396336680408,0.0360734,0.00109695,0.0172818
1747396336680410,0.035158,0.000655047,0.0207363
1747396336680471,0.0373944,0.000593138,0.014952
1747396336680490,0.0374665,0.000417086,0.0149347
1747396336680525,0.0350746,0.000699488,0.0208903
1747396336680540,0.0360566,0.00103351,0.0173704
1747396336680608,0.0370446,0.000908583,0.0154307
1747396336680613,0.0387511,0.000473701,0.0123791
1747396336680644,0.0369706,0.000944832,0.0155536
1747396336680746,0.0359534,0.000944051,0.0176677
1747396336680771,0.0385845,0.000437732,0.0130483
1747396336680786,0.0355206,0.000710931,0.0197686
1747396336680807,0.0359737,0.000539115,0.0188742
1747396336680827,0.0391568,0.000393042,0.012196
1747396336680877,0.0383879,0.000289422,0.0137848
1747396336680885,0.034321,0.000934821,0.0214149
1747396336680935,0.0354667,0.000676359,0.0199409
1747396336680958,0.0373754,0.000822213,0.0148297
1747396336680971,0.0370856,0.000669569,0.0155224
1747396336681033,0.0364277,0.00121468,0.016456
1747396336681072,0.0341389,0.00103126,0.0217392
1747396336681077,0.03683,0.00116603,0.0156795
1747396336681415,0.0361737,0.000298202,0.0185894
1747396336681456,0.0379195,0.000705275,0.0140958
1747396336681547,0.0380398,0.000428197,0.0140406
1747396336681575,0.0365188,0.000327139,0.0177631
1747396336681666,0.0365095,0.00103318,0.0167438
1747396336682099,0.0360673,0.00169145,0.0155206
1747396336682102,0.0347003,0.00046992,0.0190415
1747396336682121,0.0372675,0.00149382,0.0135174
1747396336682155,0.0330681,0.000906679,0.0221012
1747396336682161,0.0342826,0.00100816,0.0194012
1747396336682165,0.0334135,0.00100322,0.0212318
1747396336682195,0.0353241,0.00169194,0.0168675
1747396336682202,0.0328328,0.000531328,0.0231276
1747396336682205,0.0358778,0.000497923,0.0166504
1747396336682232,0.0331435,0.00162416,0.0211756
1747396336682265,0.0370978,0.00157297,0.0137731
1747396336682266,0.0333533,0.0011678,0.0211878
1747396336682300,0.0357168,0.000569292,0.0169087
1747396336682320,0.034029,0.000451855,0.0204925
1747396336682326,0.0364342,0.00151912,0.014961
1747396336682330,0.0356538,0.000670032,0.0169536
1747396336682349,0.0332459,0.00101675,0.0215817
1747396336682462,0.0355991,0.000408531,0.0172687
1747396336682493,0.0352006,0.0018375,0.0170037
1747396336682523,0.0357008,0.00050462,0.0169905
1747396336682524,0.0321152,0.000884328,0.0243619
1747396336682566,0.0364536,0.00159955,0.014884
1747396336682598,0.0345976,0.000584183,0.0191459
1747396336682611,0.0346563,0.000834728,0.018796
1747396336682615,0.0314075,0.0021296,0.0243798
1747396336682622,0.0312616,0.00109041,0.0261972
1747396336682629,0.0356349,0.000605791,0.0170401
1747396336682656,0.0316125,0.000966352,0.0254946
1747396336682672,0.0315663,0.00219002,0.0239584
1747396336682685,0.0333122,0.00105169,0.0213992
1747396336682694,0.0329816,0.0014868,0.021652
1747396336682695,0.0369231,0.00197968,0.0140919
1747396336682725,0.0351382,0.000903413,0.0177782
1747396336682726,0.0327104,0.00176297,0.0219473
1747396336682753,0.0374939,0.00148172,0.0131348
1747396336682785,0.035914,0.000382984,0.0192059
1747396336682799,0.0348367,0.000751891,0.0185038
1747396336682805,0.0367194,0.00147545,0.0144799
1747396336682808,0.0319403,0.00200149,0.023349
1747396336682831,0.0353499,0.000380786,0.017791
1747396336682833,0.0344549,0.000515408,0.0195115
1747396336682833,0.0327119,0.00147865,0.0222401
1747396336682839,0.0326333,0.000628552,0.0234708
1747396336682861,0.0382368,0.00152717,0.01203
1747396336682871,0.0391088,0.000472205,0.0122777
1747396336682898,0.0335463,0.000873374,0.0210838
1747396336682906,0.0353017,0.00178918,0.0168481
1747396336682936,0.033325,0.000847811,0.0215971
1747396336682982,0.0373506,0.00145525,0.0133923
1747396336682984,0.03571,0.00212007,0.0161796
1747396336682985,0.0313901,0.00107969,0.0258811
1747396336683006,0.0318146,0.00158782,0.0241166
1747396336683006,0.0355704,0.000707458,0.017087
1747396336683029,0.0358713,0.00169478,0.0158698
1747396336683050,0.0329371,0.0016518,0.0215802
1747396336683061,0.0321409,0.00176067,0.0231769
1747396336683134,0.0332331,0.00134921,0.0208804
1747396336683147,0.0338514,0.000639246,0.0202894
1747396336683156,0.0316763,0.00187405,0.0236095
1747396336683180,0.0315829,0.000704862,0.0253529
1747396336683181,0.0340733,0.000817451,0.0196624
1747396336683213,0.0390942,0.000401457,0.0123458
1747396336683218,0.0350094,0.000688945,0.0179128
1747396336683219,0.0369227,0.00147094,0.0141258
1747396336683222,0.0380836,0.00160103,0.01226
1747396336683232,0.0350728,0.000304229,0.0181087
1747396336683292,0.0327883,0.000861518,0.0223271
1747396336683306,0.0265555,0.00434183,0.0342934
1747396336683312,0.0310039,0.000934911,0.026445
1747396336683327,0.0334477,0.00124915,0.0205361
1747396336683334,0.0331185,0.000840106,0.0216331
1747396336683339,0.0308799,0.00226204,0.0254156
1747396336683359,0.0323068,0.00115508,0.023047
1747396336683378,0.030876,0.000943772,0.0267607
1747396336683394,0.0376975,0.00148249,0.013055
1747396336683395,0.0326069,0.00211362,0.0224349
1747396336683396,0.0348801,0.0011959,0.0185182
1747396336683409,0.037764,0.00175664,0.01274
1747396336683410,0.032158,0.00227468,0.0232494
1747396336683481,0.0340566,0.00117188,0.0202616
1747396336683514,0.0379169,0.00146952,0.0126798
1747396336683538,0.0336602,0.00136791,0.0209184
1747396336683566,0.0340991,0.00101563,0.0203295
1747396336683588,0.0339007,0.00160307,0.0201766
1747396336683608,0.0342658,0.00100154,0.019983
1747396336683609,0.0326335,0.0020282,0.022467
1747396336683644,0.0338384,0.00107707,0.0208355
1747396336683709,0.0325976,0.00195058,0.0225168
1747396336683710,0.0335466,0.00153652,0.0208841
1747396336683710,0.0336196,0.00129549,0.0209762
1747396336683711,0.0329329,0.0017783,0.0219649
1747396336683713,0.0383856,0.0014558,0.0118063
1747396336683714,0.0361317,0.000572503,0.0164194
1747396336683716,0.033348,0.00136505,0.0214993
1747396336683738,0.0361234,0.000341267,0.0187518
1747396336683745,0.0367146,0.00153812,0.014685
1747396336683750,0.036454,0.00202415,0.0148948
1747396336683751,0.0348884,0.0012306,0.0183721
1747396336683752,0.0317823,0.00132167,0.0253042
1747396336683804,0.0342213,0.00134119,0.0196446
1747396336683806,0.0342834,0.000582632,0.0202897
1747396336683828,0.0394202,0.000435834,0.0118047
1747396336683853,0.0384585,0.00142102,0.0116968
1747396336683854,0.0324057,0.00198115,0.0229098
1747396336683886,0.0328555,0.00174933,0.022167
1747396336683887,0.0356451,0.000727745,0.0172653
1747396336683963,0.0357346,0.00229167,0.0160393
1747396336683965,0.0376104,0.00164229,0.0130532
1747396336683971,0.0339871,0.00118029,0.0202982
1747396336684029,0.0371737,0.00149153,0.0138889
1747396336684031,0.0320104,0.00225622,0.0234832
1747396336684041,0.0317628,0.00127713,0.0254286
1747396336684083,0.0377849,0.00146656,0.0128302
1747396336684085,0.0362731,0.000374595,0.0185602
1747396336684099,0.0341414,0.000773099,0.0203973
1747396336684103,0.0360919,0.00184131,0.0156436
1747396336684105,0.0314527,0.00139095,0.0259792
1747396336684132,0.0354037,0.000866866,0.0176665
1747396336684143,0.0341137,0.000852363,0.0203737
1747396336684152,0.0354892,0.000827073,0.0175277
1747396336684163,0.0352978,0.00077268,0.0179588
1747396336684172,0.0338893,0.00151986,0.0201943
1747396336684182,0.036377,0.00178949,0.0151561
1747396336684217,0.0325347,0.00212321,0.0224687
1747396336684221,0.0334704,0.00130088,0.0213043
1747396336684221,0.0326842,0.00176325,0.0225344
1747396336684241,0.0353828,0.000733127,0.0178197
1747396336684249,0.0345879,0.000367851,0.0198524
1747396336684251,0.033367,0.00135202,0.0214762
1747396336684261,0.0326898,0.0015555,0.0227567
1747396336684276,0.0348991,0.000546179,0.0189938
1747396336684321,0.0350517,0.00103226,0.0182385
1747396336684352,0.0368207,0.00184272,0.0143373
1747396336684357,0.0262158,0.00449607,0.0350067
1747396336684359,0.0368703,0.00172721,0.0143074
1747396336684359,0.0361824,0.00170997,0.0155541
1747396336684360,0.035125,0.000643678,0.0184274
1747396336684380,0.0321725,0.00210256,0.023295
1747396336684385,0.0324575,0.000927125,0.0241352
1747396336684386,0.0331469,0.00181546,0.0214759
1747396336684387,0.0345965,0.00132356,0.0189148
1747396336684415,0.0359351,0.000341218,0.0170311
1747396336684416,0.0352443,0.00101474,0.0178657
1747396336684417,0.0338719,0.00110392,0.0206367
1747396336684419,0.0339075,0.000505336,0.021228
1747396336684424,0.035234,0.0003908,0.018435
1747396336684424,0.0365426,0.00162119,0.0149498
1747396336684450,0.0331882,0.000617663,0.0227798
1747396336684456,0.0327652,0.00179236,0.0223245
1747396336684463,0.0372085,0.00156331,0.0137916
1747396336684469,0.0373456,0.00186621,0.0134108
1747396336684473,0.0341421,0.00104134,0.020119
1747396336684484,0.0343482,0.00087392,0.0198448
1747396336684486,0.0364672,0.00174537,0.0150177
1747396336684492,0.0366292,0.00157932,0.0148165
1747396336684522,0.0331836,0.00165272,0.0215605
1747396336684557,0.0342924,0.00132298,0.0195374
1747396336684569,0.0340885,0.000931294,0.0203461
1747396336684593,0.0351247,0.0008536,0.0182419
1747396336684629,0.0350648,0.00109959,0.0181565
1747396336684638,0.033126,0.00154087,0.0218024
1747396336684678,0.0333186,0.000611975,0.0224734
1747396336684709,0.0338587,0.00090965,0.0208721
1747396336684720,0.0353173,0.000907271,0.017807
1747396336684740,0.0328682,0.00153295,0.0223815
1747396336684742,0.0331565,0.00145669,0.0218261
1747396336684776,0.0335725,0.00125051,0.0211345
1747396336684797,0.0361389,0.000378042,0.0188769
1747396336684814,0.0333142,0.000758371,0.0216139
1747396336684855,0.0346456,0.000756246,0.0188124
1747396336684924,0.0343645,0.000956739,0.0192037
1747396336684929,0.0348281,0.000745077,0.0184553
1747396336684944,0.0354578,0.000607684,0.0173233
1747396336684986,0.0332735,0.000843025,0.0216082
1747396336685026,0.031627,0.0017764,0.024181
1747396336685051,0.0333011,0.000963181,0.0214164
1747396336685051,0.0340864,0.000941734,0.0197838
1747396336685057,0.0338725,0.00118538,0.0199979
1747396336685075,0.0355271,0.000504763,0.0172693
1747396336685085,0.033984,0.000446757,0.0204965
1747396336685091,0.0342555,0.000322779,0.0200435
1747396336685094,0.0339794,0.00106295,0.0198914
1747396336685131,0.0383633,0.00135555,0.011839
1747396336685134,0.0357175,0.00161949,0.0163754
1747396336685135,0.0327002,0.0013872,0.0222582
1747396336685136,0.0309051,0.00115936,0.0268173
1747396336685139,0.0347385,0.000643354,0.0187242
1747396336685155,0.0312115,0.00232663,0.0249637
1747396336685158,0.0332611,0.000467463,0.0220793
1747396336685159,0.0366207,0.001536,0.0147808
1747396336685268,0.0340846,0.00121793,0.0197983
1747396336685269,0.0356819,0.000340008,0.0173187
1747396336685285,0.0325981,0.00158613,0.0225889
1747396336685286,0.0365399,0.000534541,0.0154961
1747396336685295,0.0359642,0.000496289,0.0166325
1747396336685338,0.0350221,0.000568193,0.01846
1747396336685357,0.0383903,0.000387845,0.0134203
1747396336685358,0.0360462,0.000258557,0.018452
1747396336685402,0.0373106,0.00147888,0.0135912
1747396336685412,0.0348483,0.000647798,0.0187452
1747396336685473,0.0377184,0.000484878,0.0142006
1747396336685504,0.0388467,0.000380117,0.0128098
1747396336685532,0.0338474,0.000916,0.0222455
1747396336685542,0.0343441,0.000717851,0.0212835
1747396336685545,0.0330446,0.00164893,0.0215596
1747396336685592,0.0324117,0.00161009,0.0229743
1747396336685595,0.0367679,0.0010103,0.0157167
1747396336685615,0.032799,0.0016531,0.0221831
1747396336685617,0.0325104,0.00193945,0.0225064
1747396336685617,0.0342995,0.000801473,0.0212856
1747396336685635,0.0360383,0.000300427,0.018906
1747396336685651,0.037598,0.000765192,0.0142531
1747396336685689,0.0340138,0.000854331,0.0203901
1747396336685708,0.0330495,0.00145925,0.0218445
1747396336685738,0.035995,0.00062917,0.0165286
1747396336685765,0.035939,0.000727516,0.0165637
1747396336685797,0.034292,0.00120548,0.0194622
1747396336685831,0.0341015,0.00122528,0.0198379
1747396336685833,0.0336709,0.00115431,0.0208184
1747396336685834,0.0349409,0.000827186,0.0184697
1747396336685865,0.0352062,0.000774615,0.0179768
1747396336685910,0.0384065,0.000335889,0.0135464
1747396336685977,0.0322254,0.00194244,0.0231273
1747396336686003,0.0353772,0.000351854,0.0179997
1747396336686007,0.0317868,0.00209721,0.0239295
1747396336686021,0.0320293,0.00197293,0.0235292
1747396336686038,0.0341993,0.0011783,0.0196786
1747396336686041,0.0320672,0.00209346,0.023309
1747396336686045,0.0332731,0.000525035,0.0224615
1747396336686094,0.0352845,0.000598219,0.0179696
1747396336686125,0.0349065,0.000434607,0.0189055
1747396336686142,0.0320839,0.000947991,0.0247756
1747396336686149,0.0346739,0.00109579,0.018779
1747396336686156,0.0308834,0.00243074,0.0255938
1747396336686157,0.0353706,0.000628367,0.0177691
1747396336686184,0.0330396,0.00181853,0.0214969
1747396336686193,0.0367074,0.00149499,0.0146478
1747396336686196,0.0314881,0.00232109,0.0243405
1747396336686198,0.0348534,0.000939128,0.0185501
1747396336686215,0.0335616,0.00100623,0.0212143
1747396336686216,0.0345801,0.00114034,0.0189309
1747396336686230,0.0334968,0.000475017,0.0219978
1747396336686265,0.0315383,0.00222549,0.0243399
1747396336686283,0.0318362,0.00200322,0.0239288
1747396336686288,0.0323928,0.00199897,0.0226986
1747396336686289,0.0373164,0.000720084,0.0146521
1747396336686295,0.0375666,0.000455641,0.0143412
1747396336686329,0.0368318,0.000574814,0.0157066
1747396336686333,0.0355518,0.00161437,0.0166867
1747396336686354,0.0374569,0.000655014,0.0144231
1747396336686356,0.0366419,0.00161497,0.0147013
1747396336686361,0.0339927,0.00142256,0.0198821
1747396336686423,0.0352447,0.00104853,0.0185894
1747396336686427,0.0363562,0.000726012,0.0165511
1747396336686446,0.0349761,0.00118158,0.0190404
1747396336686461,0.0365845,0.000618327,0.0161716
1747396336686467,0.0336825,0.00157388,0.0203843
1747396336686469,0.0371028,0.00148643,0.0139517
1747396336686471,0.033826,0.000777901,0.02211
1747396336686473,0.034322,0.000586571,0.0211566
1747396336686516,0.0370591,0.00159792,0.0139737
1747396336686529,0.0329763,0.00142739,0.02204
1747396336686531,0.038054,0.00140632,0.0123426
1747396336686540,0.0370994,0.000821493,0.0150058
1747396336686552,0.0333835,0.0015753,0.0210083
1747396336686607,0.0360866,0.00100176,0.0168836
1747396336686609,0.0364858,0.000810534,0.0162244
1747396336686634,0.0373229,0.0004935,0.0147914
1747396336686636,0.0334898,0.00152294,0.0208349
1747396336686644,0.0331883,0.00132249,0.0216887
1747396336686651,0.0364397,0.000906844,0.0162452
1747396336686666,0.0356625,0.000472405,0.0198162
1747396336686676,0.0365956,0.000832622,0.0159886
1747396336686678,0.037668,0.00149441,0.0129651
1747396336686685,0.0375255,0.00146907,0.0132223
1747396336686708,0.0336375,0.000874818,0.0224433
1747396336686713,0.0322658,0.00185248,0.0231387
1747396336686739,0.0333093,0.00098562,0.0231069
1747396336686760,0.0374996,0.00048612,0.0144511
1747396336686799,0.0377476,0.00145692,0.0128448
1747396336686874,0.0358695,0.000427751,0.0193611
1747396336686886,0.0361696,0.000620843,0.0174209
1747396336686893,0.0365748,0.000631428,0.0165512
1747396336686901,0.0376883,0.000459961,0.0144093
1747396336686924,0.0348867,0.0011552,0.0192569
1747396336686926,0.0357096,0.000645385,0.0184033
1747396336686957,0.0357879,0.00101824,0.0178858
1747396336686968,0.0370349,0.000843405,0.015446
1747396336686974,0.0366145,0.000371206,0.0176582
1747396336686994,0.0371506,0.000862636,0.0152013
1747396336687000,0.0328039,0.00125187,0.0240034
1747396336687070,0.0368604,0.00070717,0.0158999
1747396336687112,0.0373922,0.000672319,0.0148521
1747396336687114,0.0373224,0.00070551,0.0149681
1747396336687137,0.03662,0.000970658,0.0161912
1747396336687170,0.0359378,0.000614199,0.0185713
1747396336687170,0.0371899,0.000521211,0.0158762
1747396336687205,0.0354407,0.00114843,0.0183355
1747396336687228,0.0368006,0.000441763,0.0167893
1747396336687236,0.0370697,0.000650059,0.016027
1747396336687249,0.033883,0.00136071,0.0202715
1747396336687274,0.0381712,0.000769206,0.0136859
1747396336687280,0.0386068,0.000485049,0.0130023
1747396336687281,0.0351171,0.000850931,0.0202537
1747396336687284,0.0342837,0.00131465,0.0194853
1747396336687288,0.038384,0.00044333,0.0134703
1747396336687291,0.0382781,0.000420954,0.0136973
1747396336687308,0.0333298,0.00113094,0.0232514
1747396336687312,0.0359116,0.0011312,0.0173616
1747396336687321,0.0328195,0.00152803,0.0223852
1747396336687348,0.0387869,0.00054989,0.0126118
1747396336687349,0.0354333,0.0010109,0.018476
1747396336687376,0.0333667,0.00117032,0.0231012
1747396336687377,0.0381757,0.000397605,0.0139198
1747396336687388,0.0332511,0.00131476,0.0216678
1747396336687412,0.0360387,0.000531905,0.0188372
1747396336687424,0.0354214,0.000753827,0.019634
1747396336687593,0.036329,0.000449163,0.0182412
1747396336687611,0.0376807,0.000650609,0.014166
1747396336687624,0.0390461,0.000481504,0.012428
1747396336687662,0.0370838,0.000421998,0.0155134
1747396336687684,0.0362077,0.000381525,0.0185992
1747396336687812,0.0321964,0.00176495,0.0231646
1747396336687819,0.0376115,0.00046151,0.0144265
1747396336687841,0.0355007,0.000509461,0.0188204
1747396336687844,0.035299,0.00161082,0.0170158
1747396336687857,0.0331145,0.0014512,0.0218204
1747396336687873,0.0359977,0.00188558,0.0155778
1747396336687891,0.0318669,0.00100842,0.0253437
1747396336687901,0.034947,0.00169637,0.0176193
1747396336687912,0.0345711,0.00110394,0.0190821
1747396336687919,0.0359999,0.000423778,0.0190496
1747396336687926,0.0392301,0.000472405,0.0120734
1747396336687937,0.037195,0.00159022,0.0136272
1747396336687950,0.032772,0.00168528,0.0219947
1747396336687994,0.0318708,0.00206785,0.0235418
1747396336687998,0.0344799,0.00122079,0.0191665
1747396336688013,0.0362527,0.000549456,0.0161776
1747396336688047,0.033886,0.000938488,0.0206827
1747396336688060,0.0337624,0.00106598,0.0208178
1747396336688080,0.0323119,0.00170693,0.0229746
1747396336688083,0.0355119,0.00176351,0.0165252
1747396336688084,0.031152,0.00223053,0.0249676
1747396336688087,0.0367559,0.00179923,0.0142887
1747396336688095,0.0369024,0.00182383,0.0140238
1747396336688096,0.0364459,0.00158158,0.0149437
1747396336688124,0.0335898,0.00108128,0.0211768
1747396336688125,0.0316234,0.00219414,0.0239464
1747396336688132,0.0391088,0.000472205,0.0122777
1747396336688133,0.0350035,0.00175235,0.0174749
1747396336688139,0.0356907,0.000373979,0.0174326
1747396336688141,0.0313072,0.0012985,0.0263262
1747396336688151,0.0375247,0.00143544,0.0131303
1747396336688188,0.0346412,0.00184395,0.0180959
1747396336688205,0.0362631,0.000328988,0.0163239
1747396336688208,0.0357046,0.00167133,0.0162286
1747396336688216,0.0363153,0.000669699,0.0159699
1747396336688217,0.0334767,0.00148608,0.0210062
1747396336688238,0.0386023,0.000549933,0.0130197
1747396336688258,0.0318416,0.00194451,0.0237487
1747396336688308,0.0349235,0.000576337,0.0210764
1747396336688335,0.0316467,0.0011219,0.0257301
1747396336688355,0.0347554,0.000944562,0.0188448
1747396336688361,0.0342812,0.00124203,0.0195546
1747396336688366,0.0355308,0.00166856,0.016549
1747396336688367,0.0386696,0.00059563,0.012862
1747396336688370,0.0340825,0.00141149,0.019812
1747396336688387,0.0375935,0.000722071,0.0146915
1747396336688403,0.0375107,0.000614078,0.0149342
1747396336688408,0.0387299,0.000567265,0.012761
1747396336688429,0.0328365,0.00179617,0.0217441
1747396336688459,0.0366488,0.000805382,0.0159561
1747396336688470,0.0358848,0.00167208,0.0159003
1747396336688476,0.0355636,0.00126171,0.0178087
1747396336688481,0.03521,0.000481319,0.0193141
1747396336688550,0.0309604,0.00239783,0.0251988
1747396336688551,0.0352616,0.000522182,0.0203021
1747396336688585,0.0378977,0.00144666,0.0124892
1747396336688592,0.0359729,0.000942245,0.0170027
1747396336688601,0.0325229,0.00122669,0.0244908
1747396336688622,0.0357204,0.00157837,0.0162563
1747396336688654,0.0332208,0.00118989,0.0215512
1747396336688658,0.0368876,0.00164332,0.0141349
1747396336688673,0.0328401,0.00130996,0.0222552
1747396336688704,0.0390375,0.000427714,0.012442
1747396336688724,0.0364596,0.000369092,0.0179369
1747396336688737,0.0337512,0.000425145,0.02125
1747396336688742,0.0363561,0.00162407,0.0150807
1747396336688759,0.0343886,0.00104381,0.0192305
1747396336688761,0.0349811,0.000359327,0.0186431
1747396336688766,0.0337623,0.000668342,0.0209402
1747396336688772,0.033102,0.00152231,0.0214568
1747396336688785,0.032949,0.00174036,0.0215618
1747396336688800,0.0373392,0.00161537,0.0133676
1747396336688820,0.0336549,0.000913682,0.0209049
1747396336688824,0.0347131,0.000627226,0.0215441
1747396336688876,0.0316064,0.00102457,0.0255973
1747396336688889,0.0319478,0.000904764,0.0249133
1747396336688918,0.0367995,0.00168517,0.0142681
1747396336688930,0.0359844,0.00180137,0.0156475
1747396336688988,0.0315976,0.00206897,0.0241502
1747396336689012,0.0325161,0.00188394,0.0223371
1747396336689064,0.0335571,0.000960656,0.0210669
1747396336689089,0.0332953,0.00149826,0.0210711
1747396336689103,0.0350229,0.000678065,0.018264
1747396336689105,0.0323991,0.00194258,0.0225271
1747396336689108,0.0326438,0.000725338,0.023454
1747396336689112,0.0317077,0.00187801,0.0241315
1747396336689113,0.031044,0.00131708,0.026578
1747396336689122,0.0338787,0.000741498,0.020604
1747396336689127,0.0349458,0.00057594,0.0185129
1747396336689142,0.0349358,0.000788162,0.0183442
1747396336689201,0.0332359,0.00098558,0.0217469
1747396336689222,0.0350075,0.000532423,0.0209218
1747396336689248,0.0385413,0.000578653,0.0131222
1747396336689268,0.033506,0.00139558,0.0207289
1747396336689290,0.035443,0.000350303,0.0176995
1747396336689312,0.0333925,0.000476674,0.0220113
1747396336689338,0.034487,0.000926947,0.0191349
1747396336689344,0.0348525,0.000687309,0.018603
1747396336689355,0.0351667,0.00175805,0.0171661
1747396336689365,0.0325892,0.000637994,0.0237144
1747396336689365,0.0338953,0.00135074,0.0199631
1747396336689373,0.037444,0.00147316,0.013252
1747396336689402,0.0377394,0.00152082,0.0127262
1747396336689479,0.036092,0.000377616,0.0185884
1747396336689495,0.0356804,0.000850631,0.0172856
1747396336689496,0.0338746,0.000508228,0.0215217
1747396336689543,0.0361638,0.00162692,0.0154229
1747396336689563,0.0368112,0.00186775,0.0141608
1747396336689564,0.0354783,0.000432083,0.0199918
1747396336689565,0.0350551,0.00107291,0.0183664
1747396336689572,0.0363767,0.000676107,0.0160425
1747396336689583,0.0320742,0.00203511,0.0231318
1747396336689587,0.0386632,0.000416797,0.0130649
1747396336689590,0.0358988,0.000345554,0.0190785
1747396336689612,0.0336498,0.000558285,0.0219888
1747396336689613,0.0352991,0.000672617,0.0182124
1747396336689623,0.036398,0.000520513,0.0161157
1747396336689626,0.0342948,0.00144116,0.0196096
1747396336689635,0.0356496,0.000720343,0.017453
1747396336689640,0.0354707,0.000455861,0.0180511
1747396336689649,0.0387254,0.000464384,0.0129141
1747396336689651,0.0364239,0.000581215,0.0160195
1747396336689659,0.0355959,0.000890172,0.0174233
1747396336689676,0.0360793,0.00175591,0.0155029
1747396336689705,0.0347999,0.00185067,0.0177912
1747396336689707,0.0386085,0.000624433,0.0129642
1747396336689717,0.0353971,0.000838359,0.0178672
1747396336689731,0.0329327,0.00170402,0.0217419
1747396336689766,0.0318861,0.00116715,0.0255047
1747396336689770,0.0332496,0.00162128,0.0211548
1747396336689773,0.0324405,0.000934627,0.0244364
1747396336689796,0.0341884,0.00092925,0.0203293
1747396336689819,0.0342257,0.00111607,0.0200594
1747396336689916,0.0335483,0.00138039,0.0212578
1747396336689931,0.0340548,0.000861487,0.020696
1747396336689944,0.0341291,0.00116322,0.02022
1747396336689944,0.0333683,0.00140145,0.0216319
1747396336690040,0.0368792,0.00050873,0.0175426
1747396336690046,0.0342416,0.00103917,0.0201014
1747396336690076,0.0357095,0.00048223,0.0175324
1747396336690106,0.0343939,0.00139258,0.0194475
1747396336690113,0.037089,0.00040056,0.0171569
1747396336690117,0.034993,0.000544501,0.0189779
1747396336690121,0.0349791,0.000617979,0.0189361
1747396336690144,0.0352323,0.000499246,0.0185123
1747396336690163,0.0364133,0.000493355,0.0186805
1747396336690163,0.0333133,0.00156763,0.0215759
1747396336690192,0.0342409,0.000771212,0.0203814
1747396336690208,0.0342345,0.00045606,0.0207513
1747396336690246,0.0365745,0.000513136,0.0157748
1747396336690264,0.0337765,0.00119859,0.0209489
1747396336690296,0.0355104,0.000930323,0.0175626
1747396336690298,0.0321021,0.00105397,0.0251228
1747396336690320,0.0355793,0.000825062,0.0175091
1747396336690340,0.0335748,0.00129847,0.0212864
1747396336690349,0.0352234,0.000570822,0.0184636
1747396336690417,0.0358682,0.000467427,0.0168436
1747396336690482,0.0328425,0.00167641,0.0219624
1747396336690524,0.0321095,0.00111958,0.0242973
1747396336690555,0.0314684,0.00190405,0.0240257
1747396336690563,0.0324117,0.00161009,0.0229743
1747396336690575,0.0321634,0.00159932,0.0235453
1747396336690576,0.0346042,0.000623373,0.0192758
1747396336690580,0.0356819,0.000340008,0.0173187
1747396336690607,0.034568,0.000918024,0.0190766
1747396336690609,0.0339775,0.000333051,0.0209486
1747396336690623,0.0345731,0.000437659,0.0195256
1747396336690637,0.0356873,0.000406995,0.0172518
1747396336690639,0.0381989,0.000505076,0.0136366
1747396336690692,0.0325619,0.00167369,0.0225724
1747396336690732,0.0351642,0.000302776,0.0180919
1747396336690792,0.0353332,0.000369089,0.0176977
1747396336690793,0.0343239,0.000468972,0.0196592
1747396336690796,0.0324827,0.000437883,0.0238109
1747396336690812,0.0342607,0.000846625,0.0194348
1747396336690844,0.0323997,0.000484674,0.0236926
1747396336690860,0.0326351,0.000999494,0.0225047
1747396336690865,0.0328485,0.000515159,0.0226103
1747396336690885,0.036617,0.000450107,0.0182306
1747396336690886,0.035164,0.000475982,0.0177831
1747396336690888,0.0307593,0.00100246,0.0269636
1747396336690889,0.0324852,0.00155616,0.0222259
1747396336690931,0.0368203,0.000408653,0.017785
1747396336690956,0.032742,0.000949192,0.0223281
1747396336691003,0.0350861,0.00058211,0.0178491
1747396336691021,0.0312186,0.000772771,0.0261654
1747396336691025,0.0345504,0.000893232,0.0186444
1747396336691025,0.0335626,0.00112285,0.0204192
1747396336691026,0.0311843,0.00176615,0.0248168
1747396336691028,0.0309937,0.00192835,0.0250464
1747396336691029,0.0300813,0.00236529,0.026723
1747396336691036,0.0343662,0.000615099,0.0192533
1747396336691048,0.0312321,0.000821403,0.0260497
1747396336691054,0.0364719,0.00157802,0.014706
1747396336691065,0.0321994,0.00154955,0.0228383
1747396336691074,0.0328366,0.000773759,0.0223227
1747396336691077,0.0348316,0.000271699,0.0186234
1747396336691096,0.0275208,0.00122148,0.0403835
1747396336691097,0.0349094,0.000659858,0.0181317
1747396336691101,0.0326978,0.00103673,0.0223257
1747396336691110,0.037261,0.000771444,0.0151857
1747396336691115,0.0357024,0.000895059,0.018362
1747396336691117,0.0395321,0.000400023,0.0118918
1747396336691130,0.0308129,0.00219625,0.0252593
1747396336691138,0.0336656,0.00107536,0.0202534
1747396336691140,0.0312764,0.00203341,0.0244199
1747396336691189,0.0360419,0.000934077,0.0175889
1747396336691199,0.0338679,0.000982567,0.0199278
1747396336691217,0.0378107,0.000810354,0.0140705
1747396336691229,0.0314938,0.00154726,0.0243896
1747396336691236,0.0318407,0.00172258,0.0234209
1747396336691286,0.0368938,0.000950263,0.0158001
1747396336691302,0.0329866,0.00117621,0.0215593
1747396336691342,0.0357628,0.000467296,0.0186539
1747396336691360,0.0321362,0.00117042,0.0234077
1747396336691375,0.0363801,0.00162045,0.0148443
1747396336691376,0.035218,0.0016256,0.0169125
1747396336691422,0.0320404,0.00145126,0.023409
1747396336691462,0.0333794,0.00122669,0.0207835
1747396336691480,0.0320931,0.00135896,0.023401
1747396336691481,0.0317307,0.00187857,0.0236007
1747396336691490,0.0331875,0.00124595,0.0211635
1747396336691519,0.0311968,0.00186733,0.0247975
1747396336691536,0.0331669,0.00132696,0.0211266
1747396336691563,0.0374453,0.000757346,0.0148259
1747396336691574,0.0330587,0.00137828,0.0213012
1747396336691585,0.0380929,0.000525263,0.0136984
1747396336691586,0.0327092,0.00112874,0.022308
1747396336691586,0.036033,0.000868115,0.0176663
1747396336691607,0.0318066,0.00156556,0.0237938
1747396336691620,0.0373318,0.000737282,0.0150671
1747396336691677,0.0314034,0.00197017,0.0242128
1747396336692231,0.034077,0.000550936,0.0213348
1747396336692231,0.0358916,0.000583935,0.0173016
1747396336692269,0.0342305,0.000978769,0.0204821
1747396336692302,0.0346194,0.00053022,0.0201017
1747396336692363,0.034483,0.000920337,0.0199842
1747396336692366,0.0343075,0.00142264,0.0198673
1747396336692401,0.0316956,0.00177945,0.0241504
1747396336692403,0.0361927,0.000375302,0.0168585
1747396336692404,0.0344765,0.00175943,0.0184112
1747396336692464,0.0367322,0.000694536,0.0155302
1747396336692472,0.0346085,0.00149206,0.0191725
1747396336692505,0.0356795,0.000896287,0.0174747
1747396336692512,0.0315166,0.00193706,0.0243644
1747396336692523,0.0367357,0.000289029,0.0173089
1747396336692540,0.0354841,0.00070725,0.0180408
1747396336692579,0.0335405,0.000701249,0.02243
1747396336692593,0.0363612,0.000435275,0.0164642
1747396336692605,0.0358078,0.000554261,0.0175007
1747396336692646,0.0367715,0.000602932,0.0155186
1747396336692647,0.0342086,0.00147213,0.020031
1747396336692651,0.03597,0.000547229,0.0171711
1747396336692677,0.0365812,0.000764557,0.0157757
1747396336692680,0.0356313,0.00106557,0.0174358
1747396336692691,0.0314846,0.00216048,0.0241722
1747396336692714,0.0339656,0.00131292,0.0207153
1747396336692750,0.0342587,0.000899202,0.0205055
1747396336692755,0.0318151,0.00171936,0.0239524
1747396336692758,0.0333809,0.00154114,0.0217719
1747396336692760,0.033671,0.000694325,0.0221215
1747396336692769,0.0323812,0.00118618,0.024642
1747396336692798,0.0344412,0.000809193,0.0201949
1747396336692823,0.0327944,0.000969141,0.0239114
1747396336692823,0.0351547,0.00168694,0.017184
1747396336692824,0.0340638,0.00126364,0.0205504
1747396336692826,0.0368798,0.000626602,0.0152904
1747396336692831,0.0342568,0.0011673,0.0202264
1747396336692863,0.0359446,0.000842721,0.0169807
1747396336692877,0.038221,0.000292723,0.014123
1747396336692894,0.0355687,0.000736331,0.0178384
1747396336692898,0.034045,0.00134207,0.0205114
1747396336692899,0.0363443,0.00156112,0.015098
1747396336692964,0.0319492,0.00141626,0.0254057
1747396336693003,0.0365044,0.000800373,0.0159005
1747396336693020,0.035905,0.000302626,0.0192212
1747396336693040,0.0364266,0.000836738,0.0160269
1747396336693042,0.0336202,0.00162695,0.0211494
1747396336693064,0.035262,0.00117033,0.0181005
1747396336693076,0.0327336,0.00167928,0.0219827
1747396336693137,0.0337639,0.000647552,0.021959
1747396336693142,0.0319984,0.00169481,0.0235689
1747396336693144,0.0367495,0.00155164,0.0143885
1747396336693176,0.035403,0.000677237,0.0182385
1747396336693179,0.0372675,0.00149382,0.0135174
1747396336693181,0.0345545,0.000952215,0.0197947
1747396336693207,0.0320675,0.00172831,0.0233757
1747396336693257,0.0345242,0.00110355,0.0197094
1747396336693284,0.0357872,0.00155942,0.0161007
1747396336693322,0.0324408,0.00134202,0.0229936
1747396336693332,0.0328036,0.000487571,0.0232595
1747396336693357,0.0318301,0.000856261,0.0251165
1747396336693387,0.0326473,0.00165034,0.0221968
1747396336693399,0.0337519,0.00058133,0.0209565
1747396336693423,0.0306848,0.00229543,0.025825
1747396336693424,0.0345083,0.000625141,0.0192924
1747396336693426,0.0375989,0.00158748,0.0130702
1747396336693434,0.033475,0.000995812,0.0212115
1747396336693529,0.0346978,0.000427902,0.0191851
1747396336693539,0.0349254,0.000529789,0.0186177
1747396336693568,0.0327109,0.00122833,0.0226311
1747396336693572,0.0346532,0.000723498,0.0190003
1747396336693587,0.0341722,0.00108948,0.0196549
1747396336693619,0.035565,0.000671209,0.0172189
1747396336693634,0.0356159,0.000503111,0.0172513
1747396336693637,0.0351239,0.00178721,0.0171766
1747396336693670,0.033238,0.00097404,0.0217518
1747396336693672,0.0330532,0.00147801,0.0216168
1747396336693712,0.0350946,0.000523191,0.0182784
1747396336693724,0.0365921,0.000291363,0.0176311
1747396336693733,0.0356976,0.00046696,0.017119
1747396336693753,0.0310105,0.00219498,0.0252001
1747396336693775,0.0331432,0.00150675,0.0213979
1747396336693806,0.0346491,0.000868056,0.0188802
1747396336693822,0.0388467,0.000380117,0.0128098
1747396336693841,0.0343695,0.000925345,0.0193992
1747396336693843,0.0347436,0.000682214,0.0188526
1747396336693844,0.0356306,0.000568824,0.0171703
1747396336693874,0.0326603,0.00168346,0.0225647
1747396336693989,0.0365922,0.00179643,0.0147309
1747396336694019,0.0359917,0.00190845,0.0157467
1747396336694058,0.0337365,0.00107923,0.0208522
1747396336694060,0.0329183,0.00148582,0.0222126
1747396336694064,0.0345016,0.00104862,0.0192513
1747396336694067,0.0336206,0.00147837,0.020692
1747396336694074,0.0345885,0.00114819,0.0189814
1747396336694089,0.0363111,0.000295949,0.0182714
1747396336694094,0.0349514,0.00090427,0.0184535
1747396336694100,0.0350487,0.000651638,0.0184807
1747396336694120,0.0350423,0.000931863,0.018244
1747396336694124,0.0327101,0.000733886,0.0236849
1747396336694126,0.0343068,0.00121297,0.0195043
1747396336694127,0.0324957,0.00211695,0.022456
1747396336694229,0.0351261,0.000821901,0.0181687
1747396336694271,0.0366146,0.000867122,0.0152277
1747396336694278,0.032319,0.0020649,0.022897
1747396336694308,0.0339248,0.00132851,0.0201946
1747396336694324,0.0359531,0.000509545,0.0167638
1747396336694369,0.033539,0.00117634,0.0211805
1747396336694382,0.0356797,0.000306276,0.0195485
1747396336694406,0.0315155,0.00124313,0.0259523
1747396336694408,0.0348642,0.000875662,0.0186582
1747396336694421,0.0342824,0.00116858,0.0196184
1747396336694437,0.0347587,0.00101538,0.0187764
1747396336694438,0.0353431,0.0018758,0.0169579
1747396336694454,0.0328567,0.00144099,0.0223995
1747396336694483,0.0336625,0.00111423,0.0209838
1747396336694493,0.0344606,0.000403276,0.0199977
1747396336694526,0.0352875,0.000697432,0.0179748
1747396336694550,0.0356889,0.000306106,0.0174948
1747396336694584,0.0321881,0.000844278,0.0247797
1747396336694586,0.0321361,0.00188448,0.0235129
1747396336694588,0.0330724,0.00133425,0.0220398
1747396336694588,0.0322778,0.001947,0.0231199
1747396336694590,0.0349418,0.000929514,0.0184779
1747396336694655,0.0340851,0.00126315,0.019941
1747396336694657,0.033435,0.000891664,0.0217318
1747396336694663,0.0314045,0.0011921,0.0262492
1747396336694671,0.0384766,0.000365952,0.0134279
1747396336694696,0.0325377,0.00165316,0.0222168
1747396336694701,0.034791,0.0019918,0.0175128
1747396336694731,0.0336758,0.00146137,0.0206101
1747396336694735,0.0354918,0.00201731,0.0162341
1747396336694741,0.0353673,0.000590069,0.0179043
1747396336694767,0.0329519,0.000576097,0.0232716
1747396336694771,0.0316446,0.0018169,0.0239808
1747396336694833,0.0329208,0.000438521,0.0228051
1747396336694847,0.0307819,0.00122265,0.0269272
1747396336694853,0.0329016,0.001406,0.0216996
1747396336694908,0.0302905,0.00243825,0.0262901
1747396336694909,0.0301735,0.00148712,0.0280836
1747396336694911,0.0324165,0.00150337,0.0226383
1747396336694912,0.0328701,0.0010824,0.0221187
1747396336694943,0.0342949,0.000818307,0.0193709
1747396336695015,0.0333549,0.000595183,0.0216102
1747396336695048,0.0333618,0.000718496,0.0214517
1747396336695049,0.0320523,0.00154718,0.0233905
1747396336695057,0.0366634,0.0015557,0.014418
1747396336695073,0.0345859,0.0018308,0.0179976
1747396336695079,0.0346353,0.00172338,0.0179787
1747396336695152,0.0348887,0.000372707,0.0183449
1747396336695184,0.0308948,0.00206147,0.0253809
1747396336695228,0.035492,0.0017461,0.0163883
1747396336695229,0.036274,0.00164647,0.015052
1747396336695280,0.0387165,0.000408672,0.0129283
1747396336695293,0.0341584,0.000692733,0.019524
1747396336695295,0.0312891,0.00213281,0.0244002
1747396336695310,0.0342714,0.00181371,0.0186017
1747396336695316,0.0348918,0.000301216,0.018401
1747396336695392,0.0315793,0.00178224,0.024169
1747396336695407,0.0317706,0.00044841,0.0251158
1747396336695409,0.0349588,0.0017384,0.0173662
1747396336695425,0.0315544,0.000552537,0.0254903
1747396336695438,0.0310225,0.0019965,0.0251701
1747396336695443,0.0326243,0.000336884,0.0232267
1747396336695511,0.0348959,0.00168358,0.0175188
1747396336695536,0.0312364,0.00156603,0.0248135
1747396336695570,0.0314445,0.000605752,0.0256806
1747396336695611,0.0366798,0.000395434,0.016002
1747396336695642,0.035869,0.000918791,0.0172322
1747396336695714,0.0301778,0.00236469,0.0266547
1747396336695716,0.0312165,0.00183267,0.0249339
1747396336695717,0.0349965,0.00163611,0.0173634
1747396336695720,0.0308419,0.00243011,0.0250455
1747396336695721,0.0349052,0.000893127,0.0192815
1747396336695739,0.0342437,0.00129049,0.0203291
1747396336695784,0.0384275,0.000282873,0.0136668
1747396336695824,0.0347959,0.00108457,0.0193321
1747396336695838,0.034263,0.00198557,0.018496
1747396336695852,0.0346114,0.00117604,0.0196418
1747396336695897,0.033361,0.000845755,0.0229208
1747396336695897,0.0361355,0.000864602,0.016735
1747396336695902,0.0367109,0.00181392,0.0142121
1747396336695932,0.0315415,0.00200581,0.0239889
1747396336695938,0.0360781,0.000675635,0.0170025
1747396336695959,0.0327998,0.00155291,0.0227388
1747396336695963,0.0368532,0.000749139,0.0153963
1747396336696000,0.0370992,0.00153731,0.013675
1747396336696001,0.0368937,0.0017276,0.0139392
1747396336696007,0.0371842,0.00149799,0.0135478
1747396336696039,0.0341301,0.000353059,0.0204823
1747396336696064,0.0349098,0.000697723,0.0185274
1747396336696069,0.0340378,0.000394995,0.0206379
1747396336696072,0.0333217,0.000792096,0.0217694
1747396336696076,0.0343912,0.00132042,0.0195176
1747396336696081,0.0345393,0.000719188,0.0192601
1747396336696103,0.0355849,0.000256206,0.0175445
1747396336696106,0.0330491,0.00156198,0.022166
1747396336696172,0.0334445,0.00143219,0.021431
1747396336696175,0.0319947,0.00111015,0.0253127
1747396336696182,0.0354087,0.000905165,0.0177882
1747396336696189,0.0323362,0.000988527,0.0246202
1747396336696210,0.0363219,0.000555018,0.0162398
1747396336696211,0.0329039,0.000812789,0.0234512
1747396336696211,0.0338755,0.00114978,0.0207831
1747396336696244,0.0316653,0.00128369,0.0258951
1747396336696313,0.0372969,0.000467367,0.0149984
1747396336696385,0.0331868,0.00104691,0.0235917
1747396336696390,0.0374172,0.000632615,0.0146472
1747396336696432,0.033996,0.0014417,0.020234
1747396336696473,0.0337055,0.000833065,0.0225788
1747396336696495,0.034293,0.00136844,0.0196787
1747396336696501,0.0342949,0.00129485,0.019742
1747396336696505,0.0354315,0.000395602,0.0190073
1747396336696524,0.0359189,0.00069191,0.0176514
1747396336696562,0.0352531,0.000948278,0.0188464
1747396336696578,0.0360843,0.000681995,0.0173104
1747396336696593,0.0370053,0.000388042,0.0156444
1747396336696603,0.0360674,0.000977558,0.0171009
1747396336696606,0.0364933,0.000845567,0.0163344
1747396336696739,0.0344737,0.000538786,0.0192823
1747396336696809,0.0336777,0.00104253,0.0204469
1747396336696820,0.0337789,0.000995703,0.0202824
1747396336696857,0.0325298,0.000840086,0.0231582
1747396336696876,0.0334568,0.00121764,0.0207368
1747396336696950,0.0323553,0.000441137,0.0241156
1747396336697021,0.0330246,0.00142131,0.0214366
1747396336697075,0.0360761,0.000384901,0.0189101
1747396336697088,0.032509,0.00152281,0.0224201
1747396336697098,0.0311133,0.000883969,0.0265471
1747396336697128,0.0333667,0.00118748,0.0209522
1747396336697149,0.0325787,0.00197031,0.0228757
1747396336697152,0.0386862,0.000423272,0.0131775
1747396336697156,0.0323066,0.00120626,0.0232145
1747396336697160,0.0368535,0.000422048,0.0157786
1747396336697169,0.0326169,0.00188158,0.0228902
1747396336697195,0.0343352,0.000937503,0.0217275
1747396336697198,0.0375935,0.000722071,0.0146915
1747396336697225,0.0334982,0.00170968,0.0211256
1747396336697229,0.0385346,0.000654644,0.0128863
1747396336697257,0.0358752,0.000956578,0.0173508
1747396336697366,0.0368621,0.000432345,0.0164311
1747396336697368,0.0361684,0.000962332,0.0167486
1747396336697376,0.0328061,0.00185252,0.0224966
1747396336697414,0.0319093,0.00146554,0.023794
1747396336697441,0.0383453,0.000514806,0.0133362
1747396336697510,0.0366145,0.000371206,0.0176582
1747396336697552,0.0383418,0.000591882,0.0132959
1747396336697578,0.0376179,0.00063605,0.0147015
1747396336697592,0.0302836,0.00130699,0.0279987
1747396336697613,0.0362108,0.000891969,0.0174345
1747396336697623,0.0352573,0.00118622,0.0184409
1747396336697624,0.0372687,0.000657797,0.015397
1747396336697650,0.0382296,0.000494363,0.0135761
1747396336697652,0.0341765,0.00109179,0.0202805
1747396336697694,0.0340087,0.00110745,0.0206321
1747396336697719,0.0316762,0.00138947,0.0258772
1747396336697723,0.0390461,0.000481504,0.012428
1747396336697733,0.0340809,0.00113902,0.0204405
1747396336697751,0.0331368,0.00168258,0.0219451
1747396336697757,0.0340358,0.00102752,0.0206577
1747396336697758,0.0357411,0.000431687,0.0196711
1747396336697873,0.0324278,0.000991097,0.0245484
1747396336697873,0.0329883,0.00162209,0.0223453
1747396336697907,0.0362013,0.000471299,0.0166047
1747396336697939,0.0357974,0.000384085,0.017507
1747396336697941,0.0341044,0.00106013,0.0204715
1747396336697945,0.0334843,0.00178887,0.0210771
1747396336697965,0.0332092,0.000758713,0.0229183
1747396336697979,0.0326931,0.00191095,0.022685
1747396336697982,0.0356384,0.000525351,0.0177114
1747396336698054,0.0343041,0.00144976,0.0196613
1747396336698065,0.0360804,0.000575695,0.0189867
1747396336698158,0.0341568,0.00116959,0.020244
1747396336698177,0.0342238,0.000934844,0.0203409
1747396336698184,0.0354925,0.000872612,0.0177116
1747396336698191,0.0359465,0.000388244,0.0192195
1747396336698197,0.0331721,0.00187597,0.021664
1747396336698208,0.0358743,0.000415884,0.0173192
1747396336698230,0.0355766,0.000832772,0.0175736
1747396336698261,0.0389308,0.000535939,0.0126236
1747396336698263,0.0354783,0.000738204,0.0178556
1747396336698267,0.033709,0.00160307,0.0207776
1747396336698294,0.0355896,0.000898369,0.0174932
1747396336698315,0.0336042,0.00165596,0.0209505
1747396336698354,0.0356402,0.000559031,0.0200982
1747396336698357,0.0345029,0.00142456,0.0192702
1747396336698368,0.0340653,0.000947246,0.0206794
1747396336698368,0.0335135,0.00135501,0.0214635
1747396336698372,0.0326562,0.000928131,0.0240578
1747396336698408,0.033411,0.00140681,0.0216357
1747396336698424,0.0323468,0.00108953,0.0246029
1747396336698426,0.0337151,0.00125374,0.0211251
1747396336698436,0.0346878,0.00118869,0.0190963
1747396336698502,0.0328425,0.00167641,0.0219624
1747396336698505,0.034281,0.00112472,0.0194792
1747396336698547,0.0358442,0.00051208,0.0196426
1747396336698566,0.0346599,0.000946698,0.0188636
1747396336698566,0.0334294,0.000845854,0.0215811
1747396336698584,0.0343804,0.00100597,0.0193824
1747396336698603,0.0347518,0.000903876,0.0187142
1747396336698618,0.031269,0.00114691,0.0263824
1747396336698647,0.0332813,0.00118245,0.0215336
1747396336698657,0.0348433,0.000719713,0.0186904
1747396336698670,0.0388555,0.000435393,0.0127957
1747396336698677,0.0347541,0.000760911,0.0188364
1747396336698679,0.0356261,0.000575702,0.0172357
1747396336698691,0.0327877,0.00135604,0.0224276
1747396336698711,0.0354423,0.000310001,0.0178306
1747396336698715,0.0330886,0.00148415,0.0216325
1747396336698758,0.03151,0.00186388,0.0247192
1747396336698780,0.0351075,0.000529276,0.0183199
1747396336698780,0.0344887,0.000814365,0.0193354
1747396336698832,0.0329125,0.000485884,0.0232465
1747396336698842,0.0311548,0.00120634,0.0265829
1747396336698849,0.0391952,0.000576529,0.0122308
1747396336698879,0.034708,0.000508109,0.0191692
1747396336698882,0.0340751,0.000411845,0.0206385
1747396336698895,0.0326784,0.00140991,0.0226091
1747396336698926,0.0310621,0.00196346,0.0248508
1747396336698977,0.0327022,0.000290376,0.0233483
1747396336699045,0.0393068,0.000523039,0.0120409
1747396336699060,0.0332516,0.000663929,0.0216422
1747396336699061,0.0325784,0.001044,0.0226845
1747396336699067,0.0316754,0.00139264,0.0241713
1747396336699067,0.0305094,0.00101814,0.027701
1747396336699072,0.0351591,0.000436628,0.0179191
1747396336699091,0.0358164,0.000588693,0.0196197
1747396336699093,0.0354448,0.000693169,0.0205423
1747396336699105,0.0330911,0.000671788,0.0219839
1747396336699136,0.0326189,0.000826164,0.0228496
1747396336699142,0.0329328,0.000293657,0.0227028
1747396336699167,0.031372,0.00160684,0.0245907
1747396336699202,0.0341922,0.000623206,0.0196003
1747396336699304,0.0337104,0.000841332,0.0203832
1747396336699306,0.0342969,0.000239345,0.0197595
1747396336699310,0.0358784,0.000704326,0.0194324
1747396336699315,0.0315022,0.00108626,0.026171
1747396336699377,0.03583,0.000666343,0.0169162
1747396336699378,0.0311843,0.00176615,0.0248168
1747396336699386,0.0338481,0.000823105,0.0208888
1747396336699415,0.0358758,0.00050134,0.0169552
1747396336699416,0.0348467,0.000901788,0.0186956
1747396336699417,0.0318407,0.00172258,0.0234209
1747396336699430,0.0337211,0.000379464,0.0216982
1747396336699451,0.034082,0.00133774,0.0198793
1747396336699462,0.0341932,0.000528706,0.0204499
1747396336699496,0.0337195,0.000951334,0.0210325
1747396336699527,0.033762,0.000420464,0.0215516
1747396336699533,0.0322928,0.000791139,0.0245957
1747396336699552,0.0392443,0.000532913,0.0121911
1747396336699568,0.0359113,0.000629571,0.0167845
1747396336699584,0.0332804,0.00151065,0.0214003
1747396336699587,0.0348461,0.000830724,0.0187596
1747396336699587,0.0331779,0.00052345,0.0227963
1747396336699669,0.0353219,0.000899155,0.0177392
1747396336699713,0.0354288,0.000923933,0.0175075
1747396336699736,0.0354953,0.000819162,0.0174584
1747396336699737,0.0317388,0.00101854,0.0256603
1747396336699767,0.0358633,0.000436088,0.0170328
1747396336699830,0.039336,0.000642736,0.0119495
1747396336699831,0.0316286,0.00107555,0.0258544
1747396336699831,0.0307402,0.00191909,0.0256339
1747396336699832,0.0357279,0.000600215,0.0199359
1747396336699834,0.0346654,0.00105932,0.0189284
1747396336699847,0.0361601,0.000547596,0.0174361
1747396336699848,0.0367311,0.000770095,0.0160603
1747396336699862,0.0335898,0.00108128,0.0211768
1747396336699872,0.0343793,0.00112238,0.0194599
1747396336699877,0.0337174,0.00088059,0.0227348
1747396336699891,0.0312487,0.00166735,0.0247943
1747396336699896,0.0343532,0.00161055,0.0184731
1747396336699926,0.0349566,0.00048665,0.0202073
1747396336699927,0.0331095,0.0012484,0.0220533
1747396336699928,0.0371321,0.00065303,0.0153362
1747396336699933,0.0367637,0.000828531,0.0159508
1747396336699937,0.0361097,0.000581199,0.0190056
1747396336699940,0.0340918,0.00118779,0.0199972
1747396336699960,0.036393,0.000504584,0.0169771
1747396336699999,0.0351056,0.00112208,0.0191664
1747396336700027,0.0357662,0.00080822,0.0180476
1747396336700037,0.0326358,0.00155107,0.022768
1747396336700044,0.0311304,0.00189108,0.0251708
1747396336700051,0.0353617,0.000802044,0.0189373
1747396336700094,0.0314399,0.00180225,0.0245729
1747396336700106,0.0367026,0.000710592,0.0161639
1747396336700157,0.0312558,0.00182793,0.0249625
1747396336700173,0.0364024,0.000569393,0.0169017
1747396336700192,0.0385338,0.000409174,0.0135355
1747396336700200,0.0322852,0.00157244,0.0231829
1747396336700221,0.0326074,0.00164448,0.0221867
1747396336700237,0.0360315,0.000429082,0.0190645
1747396336700277,0.033526,0.000981614,0.0230794
1747396336700359,0.0350032,0.00145423,0.0190734
1747396336700361,0.0363482,0.000776785,0.0168077
1747396336700368,0.0365375,0.00082581,0.0163749
1747396336700377,0.0373664,0.000790383,0.0147324
1747396336700392,0.0325211,0.00161477,0.0224015
1747396336700424,0.036906,0.000647313,0.0157581
1747396336700425,0.0348305,0.000620125,0.0203478
1747396336700436,0.0368904,0.000798502,0.0156759
1747396336700447,0.0358278,0.000473044,0.0195123
1747396336700477,0.0365481,0.000541427,0.016586
1747396336700491,0.0341841,0.000776307,0.0217262
1747396336700492,0.0351923,0.00142885,0.0186902
1747396336700507,0.0335959,0.0010305,0.0228607
1747396336700526,0.0354434,0.00108782,0.0184599
1747396336700553,0.0363841,0.000901021,0.0166317
1747396336700568,0.0364109,0.000676556,0.0167602
1747396336700579,0.0372959,0.00082426,0.0148485
1747396336700614,0.0330532,0.00147801,0.0216168
1747396336700643,0.0355118,0.000639277,0.0200955
1747396336700650,0.0388688,0.000471857,0.0128197
1747396336700662,0.0357023,0.000477514,0.0198188
1747396336700699,0.033073,0.000986898,0.0221025
1747396336700744,0.0310631,0.00199182,0.0251972
1747396336700850,0.0329969,0.00131414,0.0216984
1747396336700860,0.0351785,0.000308355,0.0181303
1747396336700888,0.0342657,0.00100559,0.0202801
1747396336700898,0.0356238,0.000518806,0.0199642
1747396336700901,0.0334966,0.000566712,0.0225867
1747396336700936,0.0361147,0.000404014,0.0169295
1747396336700975,0.034053,0.00117866,0.0205675
1747396336700991,0.0313158,0.00186445,0.0247785
1747396336701010,0.0376756,0.000763185,0.0142338
1747396336701081,0.0388729,0.000545616,0.0127675
1747396336701091,0.0389975,0.000562547,0.0125112
1747396336701104,0.0369233,0.000822984,0.0156854
1747396336701117,0.0361413,0.000498158,0.0187215
1747396336701118,0.0334985,0.000847464,0.0207266
1747396336701135,0.0325091,0.000828128,0.0228661
1747396336701137,0.0321246,0.00107414,0.0234257
1747396336701174,0.0348887,0.000372707,0.0183449
1747396336701179,0.0316021,0.00138951,0.0242096
1747396336701182,0.0346211,0.000632301,0.0186531
1747396336701186,0.0341238,0.000429042,0.0198429
1747396336701189,0.0327885,0.00110329,0.0219533
1747396336701192,0.0329577,0.00024368,0.0225806
1747396336701200,0.0354193,0.00056639,0.0204202
1747396336701207,0.0358542,0.000583897,0.0193177
1747396336701226,0.0358659,0.00054073,0.0163317
1747396336701233,0.0332928,0.000941131,0.0210608
1747396336701245,0.0329223,0.000199504,0.0227193
1747396336701263,0.0327772,0.000769235,0.0223444
1747396336701267,0.0338659,0.000475513,0.0203329
1747396336701272,0.0337704,0.000518113,0.0204896
1747396336701294,0.034505,0.000194579,0.019284
1747396336701296,0.0315624,0.00174102,0.0243699
1747396336701310,0.0319659,0.00135125,0.0234504
1747396336701320,0.0352145,0.000615821,0.0208803
1747396336701326,0.0301359,0.00109159,0.028245
1747396336701335,0.0356427,0.000632184,0.0197794
1747396336701342,0.0331435,0.00115242,0.0211623
1747396336701351,0.0317808,0.00123742,0.0239955
1747396336701353,0.033977,0.000702533,0.0198828
1747396336701354,0.0332876,0.000535509,0.0214985
1747396336701358,0.0337131,0.000278981,0.020864
1747396336701362,0.032928,0.000505763,0.0223215
1747396336701364,0.0348003,0.000482036,0.0184265
1747396336701376,0.0328592,0.000288864,0.0227477
1747396336701386,0.0360315,0.000429082,0.0190645
1747396336701398,0.0345749,0.000231732,0.019105
1747396336701408,0.0337525,0.000197111,0.0208696
1747396336701495,0.0313194,0.000610801,0.0259888
1747396336701513,0.0363501,0.000454785,0.0182719
1747396336701576,0.0357501,0.000513707,0.0196557
1747396336701586,0.0298875,0.0012182,0.0286796
1747396336701596,0.0388809,0.00061853,0.0127089
1747396336701598,0.0327567,0.00118842,0.0219318
1747396336701609,0.0329255,0.00125329,0.0215143
1747396336701610,0.0389396,0.000590326,0.0126094
1747396336701639,0.0316634,0.00129355,0.0241899
1747396336701647,0.0317483,0.00171611,0.0239808
1747396336701652,0.0365008,0.000631712,0.0168045
1747396336701660,0.0332506,0.00110316,0.0209895
1747396336702455,0.0350359,0.000927387,0.018459
1747396336702523,0.0362886,0.000643483,0.0161842
1747396336702541,0.0332851,0.000521748,0.022783
1747396336702579,0.0343624,0.000366847,0.0204582
1747396336702637,0.0335977,0.000926283,0.0215422
1747396336702669,0.0344775,0.00063528,0.0199112
1747396336702703,0.0329582,0.0013084,0.0216881
1747396336702717,0.0331114,0.00129823,0.0222129
1747396336702798,0.0353789,0.000695577,0.0179569
1747396336702799,0.0360582,0.00052832,0.0167251
1747396336702846,0.0346444,0.000361142,0.0198356
1747396336702892,0.0327633,0.000723094,0.0237808
1747396336702902,0.0336956,0.000878585,0.0213761
1747396336702907,0.0328636,0.000672793,0.0236048
1747396336702917,0.031857,0.00101651,0.0256472
1747396336702932,0.0360782,0.000591606,0.0166361
1747396336702939,0.0356985,0.000340196,0.0176097
1747396336702962,0.0328479,0.00136075,0.0218678
1747396336702983,0.0324068,0.00078925,0.0245827
1747396336703005,0.0328225,0.0014447,0.0218362
1747396336703007,0.0348541,0.00101316,0.0187573
1747396336703012,0.035373,0.000557586,0.018089
1747396336703049,0.0363478,0.00033697,0.0184234
1747396336703130,0.0388646,0.000386514,0.0129289
1747396336703132,0.0353747,0.000487679,0.018148
1747396336703248,0.0323028,0.000842356,0.0247665
1747396336703287,0.0350544,0.000499142,0.018809
1747396336703296,0.0317476,0.00107348,0.0258413
1747396336703305,0.0344498,0.000325629,0.0203084
1747396336703402,0.0319649,0.00137155,0.0237825
1747396336703411,0.0331888,0.000569282,0.0229515
1747396336703466,0.031637,0.0011313,0.0260375
1747396336703487,0.036083,0.000342564,0.0190512
1747396336703521,0.0389261,0.000433859,0.0127775
1747396336703529,0.0321265,0.00049459,0.0245987
1747396336703536,0.0321362,0.00122241,0.0235779
1747396336703542,0.0339905,0.000827428,0.0200054
1747396336703545,0.0330455,0.000596388,0.0222893
1747396336703548,0.0326986,0.00108559,0.0224863
1747396336703559,0.0340872,0.000783288,0.0198478
1747396336703568,0.0325898,0.00113739,0.0226666
1747396336703600,0.0304002,0.00119314,0.027894
1747396336703638,0.0339764,0.000558444,0.0202998
1747396336703665,0.0321482,0.000541111,0.0244743
1747396336703718,0.0317302,0.00148607,0.0241727
1747396336703761,0.0343459,0.00108131,0.0202258
1747396336703816,0.0352425,0.00106833,0.0183281
1747396336703853,0.0340793,0.00114527,0.0207483
1747396336703863,0.0366399,0.000483312,0.015958
1747396336703867,0.0316107,0.00154468,0.0243713
1747396336703911,0.0342506,0.00112847,0.0203869
1747396336703931,0.035828,0.000716596,0.0174174
1747396336703935,0.0358416,0.000782,0.0173355
1747396336703960,0.0315539,0.00150646,0.0245491
1747396336703961,0.0366548,0.000695984,0.0157721
1747396336703964,0.033542,0.000654176,0.0225994
1747396336704069,0.0358588,0.00084654,0.0172481
1747396336704091,0.0358983,0.000612718,0.0173599
1747396336704161,0.0354275,0.000424106,0.0185261
1747396336704162,0.0330671,0.00125687,0.0215106
1747396336704166,0.035941,0.000807691,0.0171122
1747396336704200,0.0360683,0.000604061,0.0170179
1747396336704223,0.0369878,0.000469973,0.015279
1747396336704232,0.0327661,0.00132873,0.0220748
1747396336704233,0.0367399,0.00050986,0.0157392
1747396336704240,0.0327945,0.000921218,0.0240948
1747396336704263,0.0347066,0.000637194,0.0198918
1747396336704263,0.0332882,0.000666737,0.0232156
1747396336704282,0.0346826,0.000714478,0.0198633
1747396336704294,0.0333182,0.000709274,0.0230785
1747396336704296,0.0301551,0.0013199,0.0283243
1747396336704303,0.0347317,0.000824111,0.0196418
1747396336704323,0.0331233,0.000809004,0.0234242
1747396336704337,0.0353986,0.000708734,0.018319
1747396336704339,0.0357461,0.000755253,0.0175536
1747396336704353,0.0366212,0.000637381,0.0158807
1747396336704373,0.0356544,0.000727484,0.0177668
1747396336704376,0.0359891,0.00064101,0.0171495
1747396336704407,0.0344335,0.000452824,0.0207233
1747396336704433,0.0345332,0.000989093,0.0199093
1747396336704555,0.0359537,0.000345316,0.0193629
1747396336704615,0.0320483,0.00222455,0.0236702
1747396336704625,0.0352584,0.00178595,0.0173795
1747396336704629,0.0355108,0.00208395,0.0167078
1747396336704636,0.0365425,0.000748631,0.0163085
1747396336704637,0.0331559,0.0010054,0.0237338
1747396336704637,0.0354315,0.000395602,0.0190073
1747396336704640,0.0363164,0.000571078,0.0169182
1747396336704663,0.0330374,0.00157443,0.0221772
1747396336704665,0.0357573,0.000470803,0.0198029
1747396336704674,0.0322133,0.00206968,0.0234758
1747396336704675,0.03451,0.000540778,0.0209881
1747396336704681,0.036307,0.000506199,0.0169932
1747396336704682,0.0362864,0.000798582,0.0167934
1747396336704692,0.0357571,0.000632739,0.0180518
1747396336704714,0.0352531,0.000948278,0.0188464
1747396336704737,0.0350853,0.000962618,0.019199
1747396336704747,0.0372969,0.000467367,0.0149984
1747396336704750,0.0383888,0.00148665,0.0118865
1747396336704762,0.033352,0.000901561,0.0233809
1747396336704772,0.0319761,0.00219489,0.0238714
1747396336704824,0.0314837,0.00245737,0.0246924
1747396336704836,0.0327815,0.00177307,0.0225282
1747396336704837,0.0355351,0.00112242,0.0179161
1747396336704849,0.0368384,0.00169055,0.0145043
1747396336704886,0.0323297,0.00200851,0.0232817
1747396336704895,0.0380787,0.00154281,0.0123946
1747396336704914,0.0361848,0.00166265,0.0157115
